x,y
523848.25641420431,5249817.2177820299
523850.19600000046,5249819.9970000004
523855.01900000032,5249828.0180000002
523860.34800000023,5249841.7649999997
523869.23099999968,5249858.4419999998
523872.27799999993,5249862.7719999999
523875.45000000019,5249866.0810000002
523885.48099999968,5249875.3770000003
523900.45899999980,5249892.3109999998
523914.42300000042,5249906.5710000005
523930.92599999998,5249925.1600000001
523936.76400000043,5249934.0719999997
523944.37899999972,5249947.4390000002
523950.84900000039,5249964.3689999999
523964.42599999998,5249995.5559999999
523966.96499999985,5250000.2670000000
523971.02599999961,5250006.3770000003
523980.41899999976,5250018.0899999999
523984.48000000045,5250024.0740000000
523986.88900000043,5250033.6200000001
523987.52199999988,5250038.7110000001
523987.13999999966,5250042.5290000001
523984.97900000028,5250047.6189999999
523981.04100000020,5250052.4539999999
523977.23000000045,5250055.6339999996
523959.95399999991,5250068.0980000002
523956.01699999999,5250070.1330000004
523952.33299999963,5250071.5310000004
523943.44299999997,5250074.0729999999
523933.79100000020,5250075.3410000000
523916.26400000043,5250078.8969999999
523908.77199999988,5250079.0209999997
523895.18400000036,5250076.5959999999
523886.54999999981,5250074.3020000001
523873.34399999958,5250069.4600000000
523856.96399999969,5250062.7070000004
523847.95000000019,5250057.8669999996
523840.58600000013,5250053.0269999998
523837.41199999955,5250049.8439999996
523829.28799999971,5250039.4060000004
523823.82899999991,5250033.9309999999
523820.27400000021,5250031.1289999997
523807.32400000002,5250022.4689999996
523801.73799999990,5250017.6299999999
523788.28199999966,5250004.2609999999
523763.65500000026,5249978.2850000001
523737.25000000000,5249953.2010000004
523723.53899999987,5249940.8499999996
523712.24100000039,5249928.8810000001
523706.91000000015,5249922.1330000004
523697.77199999988,5249908.7659999998
523688.63300000038,5249894.5070000002
523680.00000000000,5249883.8109999998
523664.25999999978,5249866.4960000003
523656.38999999966,5249855.9289999995
523654.74000000022,5249855.1639999999
523650.04000000004,5249856.4349999996
523645.08600000013,5249859.4869999997
523641.91199999955,5249858.7220000001
523636.19799999986,5249855.6650000000
523629.46999999974,5249851.3350000000
523626.04100000020,5249850.4419999998
523622.86600000039,5249850.3140000002
523594.29299999960,5249850.6820000000
523586.92700000014,5249851.9510000004
523582.35400000028,5249853.4759999998
523572.70100000035,5249857.7989999996
523560.76300000027,5249862.1210000003
523555.93599999975,5249863.0099999998
523552.88800000027,5249862.6270000003
523549.20600000024,5249861.4800000004
523541.96899999958,5249857.1490000002
523530.66899999976,5249849.2529999996
523527.24100000039,5249848.1059999997
523521.78000000026,5249847.4670000002
523496.63499999978,5249848.9830000000
523483.68200000003,5249848.4689999996
523477.71300000045,5249848.8480000002
523469.45700000040,5249851.2620000001
523453.19900000002,5249860.1639999999
523445.45100000035,5249863.5970000001
523421.82699999958,5249872.7500000000
523409.00000000000,5249876.4349999996
523396.93300000019,5249882.7939999998
523391.06066387100,5249886.3430585256
523391.06066387100,5250083.5449351352
523391.15099999961,5250083.3720000004
523393.56599999964,5250076.1179999998
523395.34800000023,5250066.4469999997
523396.36699999962,5250056.0109999999
523395.11099999957,5250014.7740000002
523395.11600000039,5249999.2470000004
523396.13499999978,5249989.8300000001
523400.96899999958,5249966.1590000000
523403.51499999966,5249945.0329999998
523405.04200000037,5249937.1430000002
523407.96600000001,5249927.3439999996
523411.01599999983,5249921.6179999998
523414.70000000019,5249917.0379999997
523417.74899999984,5249914.3669999996
523423.21100000013,5249911.0599999996
523427.14900000021,5249909.6619999995
523433.75299999956,5249908.3920000000
523445.05599999987,5249907.7609999999
523457.24600000028,5249908.2750000004
523466.51699999999,5249907.6430000002
523480.74199999962,5249905.1040000003
523485.06099999975,5249904.7240000004
523491.66299999971,5249905.6179999998
523496.99500000011,5249907.4019999998
523501.94699999969,5249909.5680000000
523518.45399999991,5249918.7390000001
523524.42200000025,5249920.9050000003
523534.58000000007,5249923.2010000004
523551.34200000018,5249926.0080000004
523556.92999999970,5249926.3930000002
523581.05900000036,5249924.2410000004
523599.60099999979,5249923.9939999999
523624.49100000039,5249921.9689999996
523629.06300000008,5249921.9709999999
523636.17499999981,5249923.2470000004
523643.28500000015,5249926.4320000000
523647.34800000023,5249929.2340000002
523654.07600000035,5249935.3459999999
523659.91500000004,5249941.5850000000
523667.02400000021,5249950.4970000004
523676.41600000020,5249966.0279999999
523679.96899999958,5249971.1210000003
523682.38100000005,5249973.9220000003
523687.20600000024,5249978.1239999998
523695.83899999969,5249983.9819999998
523711.58200000040,5249997.7359999996
523725.29299999960,5250008.4320000000
523735.44900000002,5250017.9809999997
523761.47200000007,5250044.9749999996
523775.43400000036,5250063.8169999998
523786.35099999979,5250076.8039999995
523802.47300000023,5250094.1200000001
523814.91399999987,5250105.7070000004
523829.64099999983,5250116.9129999997
523835.48199999984,5250120.4790000003
523854.90799999982,5250130.4150000000
523863.16199999955,5250133.8550000004
523873.06599999964,5250136.9129999997
523883.73300000001,5250138.6979999999
523897.82799999975,5250139.8499999996
523911.16299999971,5250139.4749999996
523918.78299999982,5250138.7139999997
523933.00700000022,5250136.1749999998
523954.34200000018,5250133.8930000002
523959.67599999998,5250132.8779999996
523962.34399999958,5250131.9879999999
523965.39199999999,5250129.9529999997
523966.91700000037,5250127.9179999996
523967.04700000025,5250120.6639999999
523967.93599999975,5250118.6279999996
523970.09700000007,5250116.7199999997
523992.44900000002,5250109.9840000002
524007.69000000041,5250104.3909999998
524013.40600000042,5250101.9770000000
524036.01499999966,5250089.7670000000
524044.27099999972,5250086.8430000003
524060.27300000004,5250082.7779999999
524072.97400000039,5250079.9840000002
524084.15000000037,5250078.2070000004
524102.94500000030,5250076.4330000002
524108.02500000037,5250076.4359999998
524112.04899999965,5250076.9910000004
524112.53199999966,5250077.0690000001
524127.39900000021,5250082.7750000004
524145.44000000041,5250087.7149999999
524148.87100000028,5250088.9830000000
524155.17499999981,5250093.1459999997
524161.96499999985,5250100.7929999996
524166.92200000025,5250104.8559999997
524172.38900000043,5250110.8250000002
524175.31199999992,5250113.1100000003
524179.25200000033,5250115.4709999999
524179.25200000033,5250115.8520000000
524197.87000000011,5250126.2070000004
524204.16000000015,5250128.5910000000
524213.81599999964,5250130.7419999996
524224.10400000028,5250131.3679999998
524242.05099999998,5250129.3789999997
524255.98500000034,5250129.3020000001
524268.43200000003,5250128.2740000002
524276.68699999992,5250126.4850000003
524303.35300000012,5250117.0530000003
524313.89499999955,5250115.2630000003
524337.01200000010,5250115.1140000001
524350.34999999963,5250116.4989999998
524357.08399999980,5250118.3990000002
524367.37600000016,5250122.9649999999
524403.33100000024,5250134.2439999999
524411.14599999972,5250138.4309999999
524416.76499999966,5250142.7599999998
524421.75899999961,5250145.7939999998
524425.95100000035,5250146.8059999999
524434.71499999985,5250147.0510000000
524447.16799999960,5250151.9960000003
524455.04200000037,5250152.6239999998
524471.81199999992,5250157.9469999997
524474.73599999957,5250160.9950000001
524480.58600000013,5250169.1239999998
524490.74299999978,5250182.0680000000
524493.27199999988,5250184.8250000002
524495.82500000019,5250188.0609999998
524497.65000000037,5250191.1679999996
524498.74899999984,5250196.4680000003
524498.34900000039,5250200.1679999996
524497.04899999965,5250202.5680000000
524496.54899999965,5250205.1679999996
524497.65000000037,5250208.7680000002
524499.94900000002,5250213.0680000000
524517.04899999965,5250229.5680000000
524525.04899999965,5250237.7680000002
524529.79342058697,5250244.3716828395
524529.79342058697,5250153.5413978472
524514.73599999957,5250149.6430000002
524498.85699999984,5250147.6239999998
524491.36099999957,5250144.3269999996
524486.40400000010,5250139.2470000004
524478.26499999966,5250127.3059999999
524470.25499999989,5250118.4150000000
524467.45700000040,5250113.9699999997
524463.63599999994,5250099.4819999998
524460.30300000031,5250079.6679999996
524457.89300000016,5250067.3909999998
524453.18300000019,5250055.2560000001
524448.83200000040,5250046.4890000001
524444.78799999971,5250040.5190000003
524438.68599999975,5250033.2160000000
524434.23799999990,5250029.2149999999
524419.61000000034,5250020.1279999996
524382.66899999976,5250000.3080000002
524367.52400000021,5249994.1320000002
524367.52300000004,5249993.8760000002
524343.25700000022,5249986.7180000003
524327.88300000038,5249980.8859999999
524307.04600000009,5249974.1679999996
524295.86400000006,5249969.6030000001
524286.58899999969,5249967.0710000005
524270.83600000013,5249964.4150000000
524248.73400000017,5249963.2920000004
524237.95999999996,5249960.7089999998
524219.51099999994,5249954.8030000003
524212.01599999983,5249953.4129999997
524201.21899999958,5249953.8039999995
524190.55200000014,5249956.6100000003
524158.42800000031,5249973.1670000004
524154.50399999972,5249974.2249999996
524149.28299999982,5249974.0650000004
524132.14300000016,5249969.4919999996
524127.42999999970,5249968.6200000001
524115.74399999995,5249969.0130000003
524112.04899999965,5249969.4919999996
524109.94799999986,5249969.6529999999
524098.15799999982,5249971.8150000004
524082.66500000004,5249973.3360000001
524064.25100000016,5249973.9639999997
524044.82299999986,5249973.3190000001
524039.48799999990,5249972.5530000003
524035.67899999954,5249970.8969999999
524032.50499999989,5249968.3499999996
524030.21999999974,5249965.4220000003
524028.57299999986,5249958.8030000003
524028.32400000002,5249942.2570000002
524027.81699999981,5249938.4390000002
524025.66100000031,5249932.2019999996
524018.55399999954,5249918.3260000004
524014.49299999978,5249911.7060000002
523992.91399999987,5249885.2230000002
523972.85800000001,5249863.0690000001
523948.73900000006,5249834.5489999996
523937.15365514223,5249817.2177820299
523757.94699999969,5250388.8720000004
523762.84700000007,5250391.3720000004
523771.84700000007,5250393.3729999997
523777.24700000044,5250394.7730000000
523781.94600000046,5250395.1739999996
523802.24600000028,5250397.4730000002
523861.84599999990,5250397.4720000001
523892.84700000007,5250392.8720000004
523905.34700000007,5250388.5719999997
523915.74700000044,5250381.9720000001
523932.04700000025,5250369.7719999999
523954.14699999988,5250349.6720000003
523972.54700000025,5250329.0719999997
523975.04600000009,5250327.5719999997
523977.14699999988,5250330.0710000005
523980.14699999988,5250344.3720000004
523984.74700000044,5250351.6720000003
524000.54700000025,5250369.4720000001
524006.04600000009,5250377.8720000004
524007.84700000007,5250383.2719999999
524009.64699999988,5250394.6720000003
524012.14699999988,5250399.4720000001
524019.34700000007,5250410.6720000003
524026.94699999969,5250420.3720000004
524036.34700000007,5250430.2719999999
524067.36139122670,5250452.7895532204
524529.79342058697,5249947.4774239948
524523.39499999955,5249943.6950000003
524514.42399999965,5249939.1020000000
524504.70399999991,5249935.1710000001
524499.72300000023,5249932.7730000000
524490.87799999956,5249928.0920000002
524487.12999999989,5249925.6279999996
524480.68699999992,5249920.7659999998
524476.80900000036,5249917.7309999997
524466.40000000037,5249909.4400000004
524446.83000000007,5249898.0180000002
524431.61799999978,5249888.6639999999
524420.39800000004,5249883.5520000001
524395.72300000023,5249873.5829999996
524357.03100000042,5249856.2819999997
524342.76300000027,5249851.5920000002
524322.30599999987,5249843.9199999999
524305.28199999966,5249840.1100000003
524300.22699999996,5249839.2630000003
524294.98099999968,5249838.9119999995
524273.78100000042,5249838.9440000001
524269.46100000013,5249837.8039999995
524242.81099999975,5249821.7609999999
524235.61186210567,5249817.2177820299
524060.27511523291,5249817.2177820299
524064.56300000008,5249822.8909999998
524072.94000000041,5249834.8590000002
524078.39900000021,5249840.0789999999
524081.57299999986,5249841.8609999996
524083.73099999968,5249842.5000000000
524089.82699999958,5249843.5209999997
524107.98900000006,5249843.9630000005
524112.05099999998,5249844.1200000001
524125.92899999954,5249844.2960000001
524137.23699999973,5249846.9550000001
524145.80099999998,5249850.0609999998
524151.81199999992,5249853.4630000005
524161.12899999972,5249861.2970000003
524169.77400000021,5249870.5690000001
524186.17999999970,5249893.3720000004
524194.87600000016,5249903.0750000002
524201.18200000003,5249909.5659999996
524206.90099999961,5249913.2470000004
524215.41399999987,5249916.2900000000
524221.99600000028,5249918.0010000002
524258.86299999990,5249925.0199999996
524308.53899999987,5249937.0480000004
524337.23699999973,5249942.6780000003
524357.95899999980,5249948.8229999999
524379.68699999992,5249957.3200000003
524389.95399999991,5249962.4830000000
524436.99899999984,5249990.3150000004
524454.06699999981,5250002.1339999996
524472.32899999991,5250013.7980000004
524478.30300000031,5250018.7500000000
524481.09999999963,5250021.6069999998
524486.31300000008,5250028.6569999997
524490.32100000046,5250037.4239999996
524493.31300000008,5250047.2089999998
524495.43699999992,5250064.0120000001
524497.91000000015,5250076.1869999999
524501.54000000004,5250088.3870000001
524504.21100000013,5250093.7230000002
524512.56500000041,5250104.5959999999
524521.04399999976,5250113.4469999997
524523.85300000012,5250115.3130000001
524529.79342058697,5250118.5588422799
524529.79342058697,5250326.5383977834
524511.24799999967,5250311.5690000001
524492.94799999986,5250295.1699999999
524478.84800000023,5250279.9689999996
524471.34900000039,5250269.6689999998
524463.64900000021,5250259.6689999998
524449.74899999984,5250245.1689999998
524440.14800000004,5250235.9689999996
524432.64900000021,5250231.0690000001
524428.54899999965,5250229.3700000001
524424.24899999984,5250228.3689999999
524411.04899999965,5250226.5690000001
524402.64900000021,5250223.7690000003
524389.44900000002,5250217.6689999998
524379.34900000039,5250214.6689999998
524364.84900000039,5250207.4689999996
524353.94799999986,5250204.9689999996
524348.34900000039,5250201.3679999998
524343.54899999965,5250199.4689999996
524339.14900000021,5250198.9689999996
524336.34900000039,5250200.1689999998
524333.44900000002,5250203.5690000001
524330.54999999981,5250205.1699999999
524324.64900000021,5250206.5690000001
524307.94900000002,5250206.1689999998
524303.84900000039,5250206.7690000003
524298.04899999965,5250208.3689999999
524292.44900000002,5250210.5700000003
524287.84800000023,5250212.9699999997
524283.54800000042,5250215.9699999997
524257.44799999986,5250237.4699999997
524234.04800000042,5250262.5700000003
524224.74799999967,5250272.0700000003
524218.14800000004,5250276.4699999997
524212.04800000042,5250278.8700000001
524205.94799999986,5250279.7699999996
524200.14800000004,5250279.4699999997
524194.94799999986,5250278.1699999999
524184.84800000023,5250272.0700000003
524175.84800000023,5250265.2699999996
524166.84800000023,5250256.3700000001
524162.44799999986,5250250.9699999997
524158.74799999967,5250244.6699999999
524154.84800000023,5250238.4689999996
524151.24799999967,5250234.9699999997
524145.64800000004,5250232.4699999997
524139.64800000004,5250227.9699999997
524123.44799999986,5250211.3700000001
524117.94799999986,5250204.0700000003
524114.74799999967,5250198.3700000001
524112.94799999986,5250191.4699999997
524112.54800000042,5250182.0700000003
523486.35699999984,5250182.0710000005
523486.75600000005,5250195.0710000005
523491.05599999987,5250204.1710000001
523494.85500000045,5250209.0719999997
523513.15500000026,5250221.2709999997
523520.05499999970,5250227.5710000005
523522.55399999954,5250231.8710000003
523526.35400000028,5250244.3710000003
523528.65400000010,5250277.1710000001
523527.55399999954,5250287.8710000003
523651.25000000000,5250394.4720000001
523651.45000000019,5250385.1720000003
523651.34999999963,5250376.2719999999
523651.75000000000,5250365.8720000004
523655.45000000019,5250365.7719999999
523658.75000000000,5250368.4720000001
523663.15000000037,5250380.0719999997
523668.25100000016,5250388.8720000004
523669.14900000021,5250391.1720000003
523715.34999999963,5250182.0719999997
523711.87799999956,5250172.6919999998
523704.66600000020,5250156.1840000004
523701.49600000028,5250147.9100000001
523698.95799999963,5250143.2000000002
523680.17100000009,5250118.2460000003
523674.45999999996,5250111.6250000000
523669.38200000022,5250107.4230000004
523665.69900000002,5250105.3849999998
523659.73099999968,5250103.4730000002
523649.57199999969,5250102.3229999999
523634.08000000007,5250103.0800000001
523627.98400000017,5250102.6960000005
523619.98400000017,5250100.5279999999
523594.97300000023,5250084.9900000002
523589.25899999961,5250081.9330000002
523584.81500000041,5250080.2769999998
523575.41799999960,5250078.7460000003
523556.11600000039,5250076.9550000001
523548.24299999978,5250075.6789999995
523530.46499999985,5250070.0710000005
523526.65699999966,5250069.3059999999
523521.57699999958,5250069.3039999995
523519.92599999998,5250069.6849999996
523516.75000000000,5250071.7199999997
523514.08200000040,5250074.6449999996
523510.14300000016,5250082.7879999997
523502.26099999994,5250105.4390000002
523499.71899999958,5250114.0920000002
523493.86799999978,5250142.0889999997
523488.52799999993,5250158.1220000004
523487.89199999999,5250163.4660000000
523488.14300000016,5250171.2309999997
523487.63499999978,5250172.5029999996
523486.87200000044,5250173.2670000000
523483.39300000016,5250174.2670000000
523481.37200000044,5250175.9660000000
523481.37200000044,5250178.2319999998
523482.82699999958,5250179.8490000004
523469.55599999987,5250182.0700000003
523470.17800000031,5250178.9979999997
523473.28899999987,5250157.0970000001
523476.34100000001,5250144.6260000002
523478.50100000016,5250141.9550000001
523482.05700000003,5250140.9380000001
523483.83600000013,5250139.5389999999
523484.85199999996,5250137.8849999998
523486.50999999978,5250116.8859999999
523489.56699999981,5250090.6699999999
523491.34800000023,5250080.2340000002
523495.16299999971,5250065.2180000003
523499.10500000045,5250051.8569999998
523500.62899999972,5250049.5659999996
523502.40799999982,5250048.2939999998
523507.61600000039,5250048.1699999999
523524.37600000016,5250052.7589999996
523535.54999999981,5250054.8010000000
523551.04299999960,5250056.8439999996
523571.10800000001,5250058.1260000002
523580.75800000038,5250059.4029999999
523590.40899999999,5250061.4430000000
523597.13900000043,5250063.8650000002
523603.10599999968,5250067.4309999999
523614.27799999993,5250076.0899999999
523619.10199999996,5250079.4009999996
523624.56199999992,5250082.4579999996
523633.83200000040,5250085.8990000002
523642.72099999990,5250087.6840000004
523662.53000000026,5250090.2379999999
523669.64099999983,5250091.7699999996
523673.83100000024,5250093.4249999998
523679.03699999955,5250096.7369999997
523683.73300000001,5250100.8109999998
523690.58800000045,5250108.8320000004
523696.17300000042,5250116.7249999996
523712.67200000025,5250144.4780000001
523716.22499999963,5250150.9709999999
523719.39699999988,5250159.4989999998
523723.25299999956,5250172.1590000000
523724.95100000035,5250182.0719999997
523661.85099999979,5250182.0710000005
523663.25100000016,5250186.6710000001
523667.05099999998,5250199.6720000003
523670.05099999998,5250217.4720000001
523671.15099999961,5250230.1720000003
523673.15099999961,5250235.7719999999
523690.45000000019,5250272.3720000004
523696.25000000000,5250289.3720000004
523704.34900000039,5250303.8720000004
523712.04999999981,5250314.0719999997
523718.34900000039,5250319.8720000004
523739.14800000004,5250333.6720000003
523746.04800000042,5250337.3720000004
523744.04899999965,5250238.6720000003
523744.44900000002,5250239.2719999999
523757.44799999986,5250252.2719999999
523765.54800000042,5250258.0719999997
523796.34700000007,5250275.6720000003
523800.64699999988,5250276.9720000001
523817.34700000007,5250280.4720000001
523830.84700000007,5250281.7719999999
523840.24700000044,5250280.9720000001
523852.44699999969,5250277.4720000001
523876.34700000007,5250269.0719999997
523881.64800000004,5250266.4720000001
523967.54700000025,5250304.2719999999
523962.14699999988,5250308.1730000004
523951.94699999969,5250317.6720000003
523932.44699999969,5250341.2719999999
523910.84700000007,5250356.0719999997
523901.74700000044,5250364.1720000003
523893.04700000025,5250367.4720000001
523878.34700000007,5250370.5719999997
523856.04700000025,5250371.5719999997
523838.24700000044,5250375.5719999997
523825.54700000025,5250376.3720000004
523811.54700000025,5250375.3720000004
523790.24600000028,5250377.3729999997
523778.84700000007,5250376.1730000004
523768.94699999969,5250373.3720000004
523765.74700000044,5250371.4720000001
523950.94699999969,5250295.8720000004
523956.04700000025,5250290.1720000003
523965.64800000004,5250283.2709999997
523979.94799999986,5250270.5710000005
523990.34800000023,5250264.9709999999
523993.84800000023,5250267.5710000005
523997.94799999986,5250275.8710000003
524017.24700000044,5250306.4709999999
524024.84700000007,5250321.4709999999
524027.94699999969,5250330.0710000005
524030.94699999969,5250335.9709999999
524013.34800000023,5250191.4709999999
524050.04800000042,5250182.0710000005
524060.54700000025,5250350.1710000001
524040.64699999988,5250323.1710000001
524024.34800000023,5250292.4709999999
524021.54800000042,5250284.0710000005
524018.44799999986,5250265.7719999999
524019.74799999967,5250246.3710000003
524019.74799999967,5250242.0710000005
524018.24799999967,5250239.5710000005
524016.74799999967,5250239.0710000005
523982.44799999986,5250257.3710000003
523969.74799999967,5250268.0710000005
523960.04800000042,5250274.6710000001
523935.94699999969,5250285.8720000004
523934.74700000044,5250287.0719999997
524073.14699999988,5250345.3710000003
524059.94699999969,5250332.6710000001
524054.34700000007,5250325.7709999997
524046.94900000002,5250310.4709999999
524043.94799999986,5250300.3710000003
524041.84800000023,5250258.6710000001
524036.24799999967,5250243.8710000003
524031.94799999986,5250224.2709999997
524028.34800000023,5250222.7709999997
524022.24799999967,5250226.8710000003
524012.64800000004,5250230.3710000003
523995.34800000023,5250239.5710000005
523975.04800000042,5250245.6710000001
523959.54800000042,5250253.7709999997
523948.94799999986,5250260.8710000003
523929.14800000004,5250270.5719999997
523915.14699999988,5250283.1720000003
524087.44799999986,5250239.8710000003
524086.84800000023,5250237.9709999999
524086.54800000042,5250223.5710000005
524084.54800000042,5250208.7709999997
524079.64800000004,5250190.1720000003
524075.34800000023,5250183.8710000003
524073.04800000042,5250182.0710000005
524529.79342058697,5249855.5811876198
524526.43400000036,5249855.4859999996
524511.44299999997,5249852.1950000003
524507.80900000036,5249850.7750000004
524500.51599999983,5249847.1840000004
524488.94900000002,5249837.7249999996
524468.74700000044,5249830.1799999997
524454.37600000016,5249822.9859999996
524451.07199999969,5249820.8920000000
524443.77482577262,5249817.2177820299
524383.03393517435,5249817.2177820299
524390.37200000044,5249823.1990000000
524402.44500000030,5249831.5769999996
524412.10800000001,5249842.1189999999
524418.01699999999,5249846.0539999995
524421.48599999957,5249847.7670000000
524427.61000000034,5249849.9859999996
524453.27400000021,5249857.2070000004
524459.62799999956,5249860.8880000003
524462.29700000025,5249862.7920000004
524468.90699999966,5249869.6500000004
524493.06599999964,5249901.0889999997
524500.08299999963,5249908.2900000000
524507.17499999981,5249912.8969999999
524517.84800000023,5249917.4639999997
524526.61400000006,5249919.8070000000
524529.79342058697,5249919.6991130179
523683.96093403146,5250452.7895532204
523680.34900000039,5250440.6720000003
523678.54899999965,5250431.8720000004
523672.94900000002,5250423.1720000003
523667.74899999984,5250423.7719999999
523664.54899999965,5250428.2719999999
523663.94900000002,5250435.9720000001
523665.24899999984,5250440.4709999999
523666.44900000002,5250448.7709999997
523667.80582596897,5250452.7895532204
523477.75600000005,5250221.5710000005
523482.15600000042,5250224.2709999997
523488.55599999987,5250230.1710000001
523493.55499999970,5250239.0710000005
523497.95500000007,5250261.6710000001
523497.95500000007,5250271.3710000003
523496.95500000007,5250279.9709999999
523495.15500000026,5250286.3710000003
523488.05499999970,5250299.0710000005
523474.55499999970,5250309.7709999997
523467.25499999989,5250313.7709999997
523455.75600000005,5250317.1699999999
523443.05599999987,5250318.6699999999
523428.35599999968,5250323.7699999996
523407.55700000003,5250327.2699999996
523391.06066387100,5250332.1838022517
523515.05399999954,5250288.4720000001
523515.95399999991,5250281.7709999997
523514.15500000026,5250260.6710000001
523508.35500000045,5250241.5719999997
523500.75499999989,5250227.5710000005
523492.05499999970,5250217.1710000001
523474.55599999987,5250204.9699999997
523466.65500000026,5250197.8700000001
523465.65600000042,5250194.0700000003
523391.06066387100,5250394.6491471892
523406.55599999987,5250394.4699999997
523458.85500000045,5250384.7709999997
523475.85500000045,5250379.9709999999
523495.45399999991,5250369.7709999997
523509.65299999993,5250360.0710000005
523537.55300000031,5250336.1710000001
523544.95299999975,5250327.2709999997
523548.75299999956,5250317.1699999999
523551.75299999956,5250297.7709999997
523552.55300000031,5250280.5710000005
523609.45100000035,5250385.9720000001
523609.65099999961,5250389.3720000004
523644.76260795421,5250452.7895532204
523646.54999999981,5250446.7719999999
523648.25000000000,5250435.6720000003
523649.84999999963,5250423.4720000001
523651.15000000037,5250410.9709999999
523651.25000000000,5250397.5719999997
523726.44900000002,5250200.6720000003
523728.94900000002,5250210.7719999999
523738.94900000002,5250231.6720000003
523391.06066387100,5250213.6162018757
523391.45799999963,5250213.5700000003
523392.75800000038,5250212.3700000001
523396.55800000019,5250206.7699999996
523404.15799999982,5250191.2699999996
523405.95799999963,5250184.8700000001
523406.24899999984,5250182.0700000003
523405.72400000039,5250176.1579999998
523406.48900000006,5250165.2130000005
523408.14199999999,5250159.7410000004
523421.61099999957,5250138.4929999998
523426.94900000002,5250128.6950000003
523430.12500000000,5250121.1880000001
523434.44799999986,5250108.4630000005
523440.29700000025,5250084.0300000003
523442.07899999991,5250072.5760000004
523443.87100000028,5250029.8140000002
523444.63700000010,5250017.5970000001
523446.67499999981,5250001.0520000001
523449.98099999968,5249986.2900000000
523452.77799999993,5249977.1279999996
523455.19299999997,5249972.0379999997
523457.73400000017,5249968.8569999998
523460.14800000004,5249966.8219999997
523464.71999999974,5249965.4239999996
523471.32400000002,5249965.4270000001
523494.17999999970,5249971.2920000004
523508.91000000015,5249974.3530000001
523527.19600000046,5249976.9060000004
523537.48199999984,5249977.5470000003
523555.76999999955,5249977.0470000003
523567.32500000019,5249977.4340000004
523577.73900000006,5249978.4560000002
523585.10400000028,5249979.9879999999
523597.41999999993,5249984.7019999996
523608.21200000029,5249990.5609999998
523641.73099999968,5250012.4670000002
523669.40899999999,5250028.5149999997
523687.18400000036,5250039.9780000001
523696.32500000019,5250046.5999999996
523700.64099999983,5250050.5470000003
523717.77900000010,5250069.3909999998
523728.69400000013,5250083.1420000000
523762.20199999958,5250132.0279999999
523769.05700000003,5250141.4490000000
523776.67300000042,5250150.1069999998
523791.90600000042,5250165.3859999999
523797.23799999990,5250171.7510000002
523807.34800000023,5250182.0719999997
523809.44799999986,5250186.1720000003
523812.04800000042,5250188.6710000001
523821.94799999986,5250197.3720000004
523828.24799999967,5250201.3720000004
523828.64800000004,5250201.3720000004
523900.24700000044,5250276.8720000004
523884.64699999988,5250286.3720000004
523875.24600000028,5250290.1720000003
523864.64599999972,5250292.6720000003
523838.74700000044,5250295.7719999999
523791.74700000044,5250299.0710000005
523789.44699999969,5250299.0710000005
523774.94699999969,5250290.9720000001
523769.94799999986,5250289.3720000004
523756.44799999986,5250280.2719999999
523748.54800000042,5250271.3720000004
523737.84900000039,5250255.5719999997
523731.84900000039,5250245.1720000003
523728.64800000004,5250238.0719999997
523695.25299999956,5249848.1820000000
523695.63200000022,5249853.5279999999
523697.15400000010,5249859.1289999997
523699.81900000013,5249864.7300000004
523705.15000000037,5249872.3689999999
523717.33399999980,5249887.3920000000
523721.39800000004,5249892.9939999999
523736.88100000005,5249919.9830000000
523741.45000000019,5249927.1119999997
523746.52699999977,5249933.0959999999
523771.02900000010,5249953.2160000000
523777.12299999967,5249958.5650000004
523786.13700000010,5249967.6059999997
523803.40099999961,5249987.2130000005
523816.34900000039,5250003.7630000003
523829.42300000042,5250017.1320000002
523842.37200000044,5250028.0829999996
523849.22800000012,5250033.4320000000
523858.62399999984,5250039.5449999999
523865.73400000017,5250042.7300000004
523876.40000000037,5250046.2980000004
523890.49600000028,5250048.9770000000
523898.24199999962,5250048.8530000001
523904.84599999990,5250047.5829999996
523908.53000000026,5250046.4400000004
523912.97499999963,5250043.8959999997
523916.53199999966,5250040.9709999999
523919.45299999975,5250037.1540000001
523920.72499999963,5250034.7359999996
523921.87000000011,5250029.0099999998
523921.87200000044,5250024.6820000000
523921.11199999973,5250020.0999999996
523915.53000000026,5250005.8439999996
523913.50100000016,5249998.9699999997
523911.47499999963,5249984.9689999996
523910.20600000024,5249978.6050000004
523907.16199999955,5249968.6770000001
523904.49700000044,5249962.1849999996
523897.89800000004,5249950.3459999999
523869.97300000023,5249913.1699999999
523850.16999999993,5249891.7790000001
523844.33100000024,5249884.6490000002
523839.00000000000,5249876.5010000002
523832.90799999982,5249864.2800000003
523828.08600000013,5249856.1330000004
523821.48500000034,5249846.4570000004
523803.20600000024,5249822.7759999996
523798.65913032088,5249817.2177820299
523714.72626227519,5249817.2177820299
523710.88300000038,5249820.0619999999
523706.43699999992,5249824.1330000004
523701.10099999979,5249830.3669999996
523697.54299999960,5249836.3470000001
523695.88999999966,5249841.8190000001
523917.64699999988,5250303.6720000003
523876.54700000025,5250331.0719999997
523870.44699999969,5250334.6720000003
523859.04700000025,5250337.9720000001
523836.74700000044,5250337.9720000001
523786.44699999969,5250334.8720000004
523773.24700000044,5250332.3729999997
523756.14800000004,5250326.5719999997
523746.84800000023,5250320.9720000001
523732.34800000023,5250305.1720000003
523723.94900000002,5250297.7719999999
523717.04899999965,5250289.6720000003
523711.44900000002,5250280.7719999999
523771.94699999969,5250350.9720000001
523787.44699999969,5250355.7730000000
523811.34700000007,5250357.2719999999
523828.04700000025,5250357.2719999999
523853.94699999969,5250352.7730000000
523871.74700000044,5250351.1720000003
523882.64699999988,5250347.8720000004
523909.84700000007,5250334.1720000003
523923.54700000025,5250323.4720000001
523943.64699999988,5250304.1720000003
523873.04899999965,5250253.2719999999
523878.54800000042,5250251.2719999999
523904.74799999967,5250237.4720000001
523933.44799999986,5250220.7709999997
523950.64800000004,5250213.0710000005
523957.64800000004,5250210.0710000005
523961.34800000023,5250208.0710000005
523961.84800000023,5250207.8710000003
523969.94799999986,5250203.4709999999
523979.34800000023,5250200.1710000001
523985.44799999986,5250199.5710000005
523995.64800000004,5250196.0710000005
524215.88700000010,5250027.1380000003
524217.66999999993,5250032.2330000000
524224.28799999971,5250047.2910000002
524227.97599999979,5250052.1430000002
524240.20199999958,5250060.3300000001
524243.35300000012,5250061.5599999996
524255.54600000009,5250061.1670000004
524268.88200000022,5250058.3580000000
524276.12000000011,5250055.4270000001
524280.30800000019,5250051.9910000004
524281.83200000040,5250051.0999999996
524289.07100000046,5250049.8219999997
524293.42599999998,5250047.6310000001
524299.05200000014,5250046.0619999999
524306.59300000034,5250041.5420000004
524308.75100000016,5250040.6500000004
524311.58299999963,5250040.0250000004
524321.70600000024,5250038.9850000003
524324.75499999989,5250037.7110000001
524327.92599999998,5250034.6569999997
524330.65299999993,5250029.8880000003
524330.97099999990,5250028.4260000000
524330.77599999961,5250023.9129999997
524330.33000000007,5250022.5779999997
524327.02500000037,5250019.0240000002
524319.90899999999,5250014.9620000003
524285.47900000028,5250006.3130000001
524272.90099999961,5250003.4390000002
524267.94699999969,5250003.0619999999
524251.68699999992,5250002.9510000004
524239.18099999987,5250006.2690000003
524229.23599999957,5250009.4299999997
524222.59599999990,5250013.1859999998
524218.55999999959,5250016.6100000003
524216.38999999966,5250019.6370000001
524215.93599999975,5250022.6380000003
523391.06066387100,5249870.1835635053
523391.73099999968,5249869.8090000004
523396.93900000025,5249867.9029999999
523405.57400000002,5249866.6339999996
523409.51200000010,5249865.4900000002
523414.21100000013,5249862.9469999997
523427.42300000042,5249851.4979999997
523432.24899999984,5249848.1909999996
523437.96499999985,5249845.1390000004
523443.42599999998,5249843.2319999998
523452.06300000008,5249841.4550000001
523454.73099999968,5249840.5650000004
523468.57500000019,5249832.1710000001
523472.89400000032,5249830.2640000004
523480.76699999999,5249828.9939999999
523545.53399999999,5249831.4419999998
523557.34399999958,5249831.7010000004
523576.01200000010,5249830.3099999996
523582.99799999967,5249828.9129999997
523587.44299999997,5249826.3700000001
523598.92091869691,5249817.2177820299
523391.06066387100,5249892.6414325256
523393.75499999989,5249891.1919999998
523402.01099999994,5249888.2690000003
523409.37799999956,5249886.7450000001
523419.28299999982,5249885.7309999997
523438.58600000013,5249884.9770000000
523445.69900000002,5249884.2149999999
523449.63599999994,5249883.0719999997
523452.55700000003,5249881.2910000002
523460.17999999970,5249872.2580000004
523463.22900000028,5249869.8410000000
523465.13300000038,5249868.8240000000
523472.37299999967,5249867.1730000004
523489.77199999988,5249865.7810000004
523494.46999999974,5249866.1629999997
523508.94600000046,5249869.7350000003
523522.15199999977,5249873.8130000001
523537.89699999988,5249879.9289999995
523545.76900000032,5249882.2249999996
523552.37299999967,5249883.2450000001
523565.07299999986,5249883.2510000002
523576.50299999956,5249881.9830000000
523587.93200000003,5249879.6969999997
523610.79399999976,5249872.5810000002
523619.42999999970,5249870.5489999996
523625.14499999955,5249870.1689999998
523631.36699999962,5249870.5539999995
523636.70000000019,5249871.8289999999
523639.62100000028,5249872.9759999998
523644.82699999958,5249876.2869999995
523652.69799999986,5249882.6540000001
523657.64900000021,5249887.6200000001
523664.50299999956,5249896.2779999999
523677.95799999963,5249915.3750000000
523691.66700000037,5249933.9630000005
523699.53600000031,5249943.3839999996
523725.81500000041,5249968.4689999996
523728.22699999996,5249970.5060000001
523730.25899999961,5249970.7620000001
523735.59499999974,5249967.2000000002
523736.99100000039,5249967.0740000000
523740.03799999971,5249968.2199999997
523746.51300000027,5249974.4600000000
523778.50100000016,5250012.6560000004
523788.40099999961,5250025.3880000003
523795.25499999989,5250035.3180000000
523802.11000000034,5250043.4660000000
523822.29399999976,5250064.3470000001
523829.40400000010,5250070.8410000000
523835.24399999995,5250075.1710000001
523840.57699999958,5250078.4819999998
523847.81500000041,5250082.3039999995
523858.60599999968,5250087.2709999997
523866.98699999973,5250090.5839999998
523877.14499999955,5250093.3880000003
523887.17700000014,5250094.7929999996
523899.24199999962,5250094.6710000001
523918.79899999965,5250092.6420000000
523943.69199999981,5250088.0719999997
523960.96499999985,5250082.7350000003
523971.88800000027,5250078.6670000004
523976.33299999963,5250076.7599999998
523983.57299999986,5250072.6909999996
524009.99399999995,5250055.3930000002
524019.39400000032,5250047.7609999999
524023.33299999963,5250043.5619999999
524026.38200000022,5250038.8559999997
524028.03500000015,5250033.8920000000
524028.41700000037,5250030.4560000002
524027.53000000026,5250025.2369999997
524025.37299999967,5250020.6550000003
524022.96200000029,5250017.5990000004
524018.13800000027,5250013.9060000004
524002.01200000010,5250007.0259999996
523996.80700000003,5250003.4610000001
523992.87200000044,5249999.5130000003
523959.36099999957,5249956.7359999996
523946.16100000031,5249937.3849999998
523941.84599999990,5249929.3650000002
523934.23199999984,5249908.9970000004
523931.44099999964,5249903.5230000000
523926.36400000006,5249896.3949999996
523911.13200000022,5249879.8430000003
523887.77500000037,5249851.3229999999
523881.17499999981,5249842.1569999997
523878.38300000038,5249836.9369999999
523872.92700000014,5249822.0439999998
523870.77891454514,5249817.2177820299
523391.06066387100,5250130.6742399363
523391.38999999966,5250130.3339999998
523395.70799999963,5250124.4819999998
523398.75899999961,5250119.2649999997
523409.30800000019,5250090.8890000004
523412.86699999962,5250079.9450000003
523414.39400000032,5250073.5820000004
523423.30599999987,5250008.9320000000
523429.41299999971,5249974.8260000004
523432.21100000013,5249961.8459999999
523434.75399999972,5249952.4289999995
523438.56699999981,5249941.9939999999
523441.99899999984,5249933.9780000001
523444.54000000004,5249929.5240000002
523447.97099999990,5249925.4529999997
523451.01800000016,5249922.7819999997
523454.44799999986,5249920.7470000004
523460.92599999998,5249918.5860000001
523466.00600000005,5249917.9519999996
523472.35500000045,5249918.8459999999
523506.38599999994,5249929.0429999996
523529.24100000039,5249937.1979999999
523540.41600000020,5249940.2580000004
523572.41600000020,5249945.6189999999
523584.60699999984,5249946.8969999999
523605.43400000036,5249947.9239999996
523613.30700000003,5249948.9460000005
523621.05200000014,5249951.3679999998
523628.03600000031,5249955.6990000000
523634.00399999972,5249960.7910000002
523639.58800000045,5249967.2850000001
523646.18800000008,5249977.4689999996
523651.01099999994,5249983.5810000002
523656.21600000001,5249988.5470000003
523687.19500000030,5250009.6869999999
523702.42999999970,5250021.4029999999
523743.30700000003,5250059.6030000001
523750.79700000025,5250067.1160000004
523767.55200000014,5250086.9770000000
523777.70700000040,5250099.7089999998
523788.62299999967,5250114.9859999996
523795.73199999984,5250123.3890000004
523803.22200000007,5250130.9009999996
523808.04600000009,5250135.2300000004
523822.51800000016,5250145.9270000001
523829.12100000028,5250150.0029999996
523835.84999999963,5250153.5690000001
523844.35699999984,5250156.7549999999
523854.26200000010,5250159.0499999998
523866.70700000040,5250161.0920000002
523877.37399999984,5250161.8600000003
523897.43900000025,5250161.8679999998
523913.43900000025,5250161.1109999996
523921.82199999969,5250159.8420000002
523943.66700000037,5250153.7429999998
523955.09900000039,5250149.9299999997
523966.27500000037,5250145.6080000000
523982.53299999982,5250138.2340000002
523992.69400000013,5250134.4199999999
524015.30099999998,5250127.5580000002
524034.86099999957,5250120.4390000002
524046.03699999955,5250117.3899999997
524062.03899999987,5250114.8499999996
524077.27900000010,5250114.2209999999
524083.12000000011,5250114.3509999998
524096.58000000007,5250116.9019999998
524108.00899999961,5250119.9610000001
524112.04899999965,5250121.5959999999
524118.28699999955,5250123.3350000000
524121.46300000045,5250123.3320000004
524128.44600000046,5250118.8760000002
524130.73199999984,5250119.5089999996
524149.92800000031,5250137.7970000003
524159.46600000001,5250150.1809999999
524164.93200000003,5250155.8320000004
524167.34700000007,5250157.2280000001
524170.77699999977,5250157.9869999997
524172.93900000025,5250160.7180000003
524177.58299999963,5250170.3109999998
524180.31699999981,5250173.7410000004
524183.74899999984,5250176.0259999996
524188.34900000039,5250182.0700000003
524189.84900000039,5250182.9699999997
524193.14900000021,5250183.7699999996
524198.54899999965,5250183.0700000003
524200.54899999965,5250183.6699999999
524202.44900000002,5250184.7699999996
524207.54899999965,5250189.0700000003
524211.14900000021,5250191.1699999999
524217.04899999965,5250192.4699999997
524223.34900000039,5250192.6699999999
524229.04899999965,5250191.5700000003
524233.84900000039,5250189.2699999996
524238.14900000021,5250186.0700000003
524241.64900000021,5250182.0700000003
524245.10199999996,5250177.3130000001
524250.81099999975,5250169.0959999999
524255.37999999989,5250164.6420000000
524259.69699999969,5250161.9680000003
524274.04499999993,5250156.2330000000
524299.56900000013,5250148.5820000004
524310.87200000044,5250145.9009999996
524318.11099999957,5250145.0029999996
524338.30700000003,5250145.2390000001
524349.61400000006,5250147.1349999998
524365.11299999990,5250150.8059999999
524374.38900000043,5250155.1189999999
524378.45600000024,5250158.9280000003
524381.37899999972,5250160.7050000001
524388.55599999987,5250161.5240000002
524389.70199999958,5250164.5870000003
524390.40500000026,5250169.5949999997
524391.80399999954,5250171.3090000004
524412.51099999994,5250182.0690000001
524422.04899999965,5250184.8689999999
524429.34900000039,5250185.3689999999
524435.65000000037,5250185.1689999998
524441.84900000039,5250186.1689999998
524448.04899999965,5250188.4689999996
524451.14900000021,5250190.1689999998
524460.64900000021,5250198.6689999998
524469.64800000004,5250208.7690000003
524480.64900000021,5250224.5690000001
524493.54899999965,5250236.7690000003
524498.44900000002,5250242.5690000001
524511.14900000021,5250261.6689999998
524515.94900000002,5250267.4689999996
524526.84900000039,5250278.1689999998
524529.79342058697,5250280.4178881645
524529.79342058697,5250140.1658790568
524508.75299999956,5250133.5049999999
524499.47699999996,5250128.5570000000
524487.84700000007,5250118.8559999997
524485.31699999981,5250115.9610000001
524481.42499999981,5250109.2529999996
524479.00600000005,5250102.2640000004
524477.33499999996,5250094.0279999999
524475.30499999970,5250081.1660000002
524474.44299999997,5250067.7060000002
524472.17300000042,5250057.2079999996
524466.57299999986,5250043.1670000004
524461.48599999957,5250033.7659999998
524457.73500000034,5250029.1299999999
524451.63300000038,5250023.3520000000
524443.24500000011,5250016.8770000003
524429.01200000010,5250008.3739999998
524408.82000000030,5249997.4740000004
524366.36600000039,5249976.4000000004
524342.35199999996,5249967.6519999998
524321.51200000010,5249957.6289999997
524314.14300000016,5249955.3480000002
524302.58200000040,5249953.0710000005
524281.62200000044,5249951.1840000004
524256.97699999996,5249947.3949999996
524212.25800000038,5249937.9029999999
524195.23500000034,5249937.1560000004
524167.89599999972,5249933.5719999997
524154.45500000007,5249930.7759999996
524145.43400000036,5249928.5590000004
524140.86099999957,5249927.9280000003
524132.98500000034,5249927.9359999998
524112.04899999965,5249929.8930000002
524095.63499999978,5249931.5970000001
524088.01400000043,5249933.1200000001
524079.50499999989,5249936.0439999998
524069.59700000007,5249941.3859999999
524067.43800000008,5249942.0199999996
524063.88300000038,5249942.0190000003
524061.46999999974,5249941.1270000003
524059.18499999959,5249938.8350000000
524057.78899999987,5249935.1430000002
524057.40899999999,5249932.5980000002
524058.17399999965,5249923.6890000002
524057.28899999987,5249915.0340000000
524056.02099999972,5249909.4340000004
524053.35699999984,5249901.9230000004
524048.78799999971,5249893.1399999997
524034.06599999964,5249870.7330000000
524026.95799999963,5249860.8030000003
524005.63200000022,5249835.8490000004
524000.04700000025,5249827.9539999999
523993.30271200242,5249817.2177820299
524203.28206277423,5249817.2177820299
524209.62100000028,5249823.8770000003
524217.88399999961,5249830.6069999998
524228.18099999987,5249840.8940000003
524244.83200000040,5249854.7980000004
524244.83200000040,5249855.0520000001
524260.46600000001,5249866.5429999996
524269.99899999984,5249874.9230000004
524277.37399999984,5249883.0520000001
524280.33499999996,5249884.9689999996
524288.26400000043,5249889.0290000001
524301.31300000008,5249893.4280000003
524309.03799999971,5249896.4079999998
524317.65299999993,5249899.1579999998
524341.53600000031,5249902.8219999997
524398.07000000030,5249915.7350000003
524427.21200000029,5249921.3119999999
524440.62799999956,5249924.8459999999
524452.57100000046,5249929.2840000000
524470.36299999990,5249938.6730000004
524491.83499999996,5249948.1869999999
524506.61400000006,5249956.8550000004
524513.31199999992,5249961.3859999999
524519.57899999991,5249966.5290000001
524529.79342058697,5249975.6256697793
524529.79342058697,5250434.2864675410
524512.74799999967,5250426.7690000003
524500.24799999967,5250420.0690000001
524494.34800000023,5250416.0690000001
524486.24899999984,5250409.4689999996
524477.54800000042,5250401.4689999996
524461.34800000023,5250384.2690000003
524448.44900000002,5250368.4680000003
524438.54800000042,5250358.5690000001
524424.04800000042,5250346.3689999999
524408.54800000042,5250335.6689999998
524400.64800000004,5250331.0700000003
524397.24799999967,5250329.9689999996
524393.74799999967,5250329.2699999996
524379.54800000042,5250328.7699999996
524372.24799999967,5250327.5700000003
524368.04800000042,5250324.3700000001
524364.24799999967,5250322.5700000003
524361.74799999967,5250322.1699999999
524356.64800000004,5250322.5700000003
524349.34800000023,5250324.5700000003
524341.54800000042,5250326.1699999999
524335.64800000004,5250327.5700000003
524333.34800000023,5250328.8700000001
524331.34800000023,5250330.6699999999
524325.04800000042,5250339.1699999999
524318.64800000004,5250344.8700000001
524314.54800000042,5250347.4699999997
524301.34800000023,5250353.9699999997
524292.24799999967,5250360.5700000003
524288.74799999967,5250363.9699999997
524280.04800000042,5250373.6699999999
524275.14800000004,5250380.2699999996
524270.74899999984,5250387.0700000003
524263.04700000025,5250401.5700000003
524259.24700000044,5250410.6710000001
524257.24700000044,5250422.8710000003
524252.64699999988,5250435.3710000003
524251.64699999988,5250439.6720000003
524251.34700000007,5250448.8710000003
524251.83305978385,5250452.7895532204
524153.74848848180,5250452.7895532204
524149.84700000007,5250448.3710000003
524140.64800000004,5250436.6710000001
524132.04700000025,5250421.8710000003
524128.54800000042,5250417.3710000003
524120.84700000007,5250408.8710000003
524112.04700000025,5250401.4709999999
524106.64699999988,5250395.9709999999
524099.04600000009,5250386.5710000005
524075.44699999969,5250367.7709999997
524068.04600000009,5250360.3710000003
523391.06066387100,5249902.1465892056
523391.46600000001,5249901.6279999996
523394.51499999966,5249899.3380000005
523399.72200000007,5249897.9400000004
523405.81799999997,5249897.1799999997
523449.50499999989,5249895.6720000003
523455.85500000045,5249895.1660000002
523462.71200000029,5249893.6409999998
523465.88700000010,5249892.4970000004
523478.97099999990,5249884.6129999999
523482.27300000004,5249883.2139999997
523488.62299999967,5249882.9620000003
523492.43200000003,5249883.7270000000
523499.41600000020,5249886.4040000001
523507.16100000031,5249890.4790000003
523516.80999999959,5249896.8470000001
523522.77799999993,5249900.1590000000
523527.47699999996,5249901.8159999996
523532.80999999959,5249902.8360000001
523542.20600000024,5249903.2220000001
523578.52799999993,5249902.0930000003
523584.62299999967,5249901.5880000005
523613.07299999986,5249892.1820000000
523619.16899999976,5249890.6579999998
523625.89900000021,5249890.0240000002
523630.59800000023,5249890.4069999997
523635.55099999998,5249891.8099999996
523639.99399999995,5249894.3580000000
523652.43599999975,5249906.3269999996
523665.38499999978,5249916.7690000003
523670.71700000018,5249921.7350000003
523675.41500000004,5249926.8279999997
523701.81699999981,5249959.4220000003
523717.81199999992,5249976.2300000004
523751.57699999958,5250015.4440000001
523793.08800000045,5250059.2439999999
523794.23099999968,5250060.3899999997
523796.26200000010,5250060.3899999997
523800.58100000024,5250057.0829999996
523801.85099999979,5250056.8289999999
523805.02500000037,5250058.3580000000
523811.37299999967,5250064.7240000004
523826.09999999963,5250075.9309999999
523843.11199999973,5250090.7010000004
523850.73000000045,5250096.5590000004
523861.26800000016,5250102.6720000003
523870.02900000010,5250106.3660000004
523875.10800000001,5250107.8959999997
523888.06099999975,5250109.9380000001
523902.79200000037,5250109.9450000003
523926.41299999971,5250108.1730000004
523945.33600000013,5250105.0000000000
523956.89400000032,5250102.5870000003
523964.25999999978,5250100.2989999996
523968.45199999958,5250098.6469999999
523976.45399999991,5250093.8140000002
523987.37799999956,5250085.4189999998
523993.47499999963,5250081.6040000003
524011.38499999978,5250072.1940000001
524032.72300000023,5250062.7840000000
524051.39499999955,5250053.6289999997
524061.80999999959,5250047.0159999998
524066.76599999983,5250042.6909999996
524071.84800000023,5250036.7110000001
524074.64199999999,5250032.0039999997
524075.15099999961,5250028.9490000000
524074.64499999955,5250025.6399999997
524073.12200000044,5250022.7120000003
524071.21899999958,5250020.4220000003
524067.66399999987,5250017.7460000003
524064.99799999967,5250016.2180000003
524053.95100000035,5250012.2680000002
524034.39499999955,5250008.1859999998
524031.47499999963,5250007.2939999998
524029.06199999992,5250006.0199999996
524026.52300000004,5250003.8559999997
524023.60400000028,5250000.2910000002
524020.81099999975,5249995.3260000004
524015.73599999957,5249983.3600000003
524011.67499999981,5249975.8490000004
524006.85199999996,5249968.4660000000
524001.52099999972,5249961.3360000001
523993.14300000016,5249951.4050000003
523971.05399999954,5249930.3959999997
523951.50399999972,5249909.3870000001
523945.66500000004,5249902.2570000002
523941.60400000028,5249896.1459999997
523933.73599999957,5249882.1430000002
523925.86799999978,5249866.9929999998
523919.77799999993,5249849.6820000000
523916.98599999957,5249844.7170000002
523908.35400000028,5249834.7860000003
523904.54700000025,5249828.9299999997
523900.23199999984,5249820.5279999999
523898.18883136200,5249817.2177820299
523458.05700000003,5250182.0700000003
523458.05700000003,5250184.0710000005
523456.55599999987,5250197.3700000001
523457.55599999987,5250202.9709999999
523462.65600000042,5250210.2699999996
523467.45700000040,5250215.1699999999
523553.05300000031,5250270.5710000005
523552.25399999972,5250259.1710000001
523546.95399999991,5250239.5710000005
523536.25399999972,5250219.4709999999
523531.15400000010,5250212.5710000005
523523.85500000045,5250206.2709999997
523518.95500000007,5250200.1710000001
523516.45500000007,5250195.2709999997
523513.25499999989,5250182.0710000005
523487.41059286153,5250452.7895532204
523496.95299999975,5250451.8710000003
523513.75299999956,5250448.3710000003
523527.45299999975,5250441.7709999997
523538.65299999993,5250438.1720000003
523561.95199999958,5250435.6710000001
523573.15199999977,5250433.0710000005
523581.75100000016,5250428.7709999997
523590.15099999961,5250422.1710000001
523603.35099999979,5250403.5719999997
523608.45100000035,5250395.1720000003
523650.05200000014,5250182.0710000005
523647.33899999969,5250176.0949999997
523644.78699999955,5250172.9029999999
523643.61799999978,5250171.6270000003
523641.27900000010,5250169.8180000000
523638.62100000028,5250168.2220000001
523634.94600000046,5250166.4600000000
523629.23199999984,5250165.0580000002
523618.05700000003,5250164.1619999995
523586.30800000019,5250167.5839999998
523576.91100000031,5250167.5800000001
523572.84700000007,5250166.8150000004
523569.92700000014,5250165.9230000004
523565.99100000039,5250163.3760000002
523563.32400000002,5250160.4469999997
523559.00999999978,5250152.8090000004
523556.08999999985,5250149.2439999999
523551.13900000043,5250145.2970000003
523549.61500000022,5250145.2960000001
523548.59900000039,5250146.3150000004
523547.70700000040,5250154.3310000002
523547.06799999997,5250166.8030000003
523550.55399999954,5250182.0710000005
523501.85500000045,5250182.0710000005
523500.52699999977,5250172.2460000003
523499.31400000025,5250164.1579999998
523498.18200000003,5250153.2910000002
523504.53899999987,5250131.6579999998
523506.82799999975,5250121.7319999998
523509.88300000038,5250101.1160000004
523512.55300000031,5250091.3169999998
523515.34800000023,5250086.3550000004
523517.00000000000,5250084.3190000001
523519.66799999960,5250082.4119999995
523525.63700000010,5250081.1420000000
523529.95299999975,5250081.7800000003
523536.93699999992,5250084.2010000004
523554.33200000040,5250093.8799999999
523566.52099999972,5250099.6140000001
523584.29800000042,5250105.9850000003
523602.58200000040,5250111.3399999999
523610.45500000007,5250113.3770000003
523623.91600000020,5250115.6749999998
523638.39199999999,5250116.9539999999
523652.86899999995,5250117.2149999999
523660.48799999990,5250117.9819999998
523667.47200000007,5250119.8940000003
523672.67599999998,5250122.6969999997
523676.99399999995,5250126.0080000004
523681.69099999964,5250130.9730000002
523685.24500000011,5250136.3200000003
523687.91000000015,5250142.1760000000
523690.95399999991,5250152.6140000001
523694.43400000036,5250162.2640000004
523697.72800000012,5250175.6710000001
523697.15000000037,5250182.0719999997
523589.95199999958,5250270.1710000001
523589.95199999958,5250269.0710000005
523588.95299999975,5250254.2709999997
523586.45299999975,5250245.5710000005
523583.65299999993,5250233.3710000003
523580.15299999993,5250223.4709999999
523575.55300000031,5250213.7709999997
523571.25299999956,5250205.3710000003
523566.95399999991,5250198.0710000005
523565.05399999954,5250190.3710000003
523565.55399999954,5250187.3710000003
523570.35400000028,5250185.8710000003
523578.35300000012,5250187.1710000001
523587.45299999975,5250191.6720000003
523598.35300000012,5250196.9720000001
523607.45299999975,5250199.2709999997
523615.35199999996,5250203.7719999999
523617.85199999996,5250204.3710000003
523622.95199999958,5250205.3710000003
523629.45199999958,5250209.2709999997
523634.65199999977,5250214.4709999999
523634.65199999977,5250226.9709999999
523634.55200000014,5250236.6710000001
523640.85099999979,5250249.4709999999
523646.45100000035,5250260.2719999999
523652.35099999979,5250271.4720000001
523662.54999999981,5250286.4720000001
523670.15000000037,5250298.1720000003
523677.84999999963,5250309.5719999997
523688.84900000039,5250325.3720000004
523699.14900000021,5250336.7719999999
523708.44900000002,5250348.9709999999
523721.04700000025,5250361.8720000004
523732.94799999986,5250372.8720000004
523742.74799999967,5250379.3720000004
523755.24700000044,5250387.4720000001
523732.54800000042,5250351.9720000001
523719.64900000021,5250341.7719999999
523693.74899999984,5250307.4720000001
523684.04999999981,5250289.1720000003
523672.84999999963,5250271.8729999997
523664.75100000016,5250261.6720000003
523661.25100000016,5250256.3720000004
523651.25100000016,5250229.1710000001
523650.05200000014,5250186.1710000001
523777.14800000004,5250182.0719999997
523765.66999999993,5250169.1799999997
523756.35199999996,5250157.7340000002
523751.02099999972,5250147.6770000001
523744.93200000003,5250133.4199999999
523737.31699999981,5250120.0539999995
523730.71700000018,5250109.8689999999
523710.91600000020,5250082.8779999996
523704.82299999986,5250075.2390000001
523693.90699999966,5250063.3980000000
523680.06900000013,5250050.9199999999
523670.92700000014,5250044.0429999996
523654.16899999976,5250033.8540000003
523645.66199999955,5250029.5230000000
523631.44099999964,5250023.4079999998
523600.58700000029,5250005.8320000004
523595.63599999994,5250003.2840000000
523582.05099999998,5249998.0590000004
523572.14499999955,5249995.0000000000
523558.17700000014,5249991.9390000002
523541.92300000042,5249990.1500000004
523519.57199999969,5249989.8849999998
523492.90500000026,5249986.8180000000
523486.80900000036,5249987.0700000003
523481.72900000028,5249988.0860000001
523474.49000000022,5249990.7549999999
523468.51999999955,5249994.0619999999
523463.18499999959,5249998.1320000002
523460.77099999972,5250000.5489999996
523457.21399999969,5250006.0199999996
523455.30700000003,5250011.4919999996
523453.52500000037,5250021.4189999998
523452.50600000005,5250032.6179999998
523451.98400000017,5250070.7989999996
523451.21800000034,5250084.2889999999
523449.94400000013,5250093.7070000004
523442.05999999959,5250125.5219999999
523437.73699999973,5250139.0089999996
523433.03600000031,5250148.9340000004
523424.14300000016,5250162.6749999998
523421.85500000045,5250166.8750000000
523420.02599999961,5250178.0680000000
523419.35800000001,5250182.0700000003
523414.85800000001,5250188.6699999999
523414.65799999982,5250189.7699999996
523414.35800000001,5250190.6699999999
523414.25800000038,5250191.6699999999
523413.05800000019,5250197.5700000003
523413.35699999984,5250210.5700000003
523418.15699999966,5250216.3700000001
523445.55599999987,5250237.4699999997
523456.55599999987,5250248.4699999997
523458.85599999968,5250253.0700000003
523460.05599999987,5250262.4699999997
523459.85500000045,5250267.7699999996
523457.55599999987,5250273.6699999999
523449.95600000024,5250279.2699999996
523428.35699999984,5250289.1710000001
523414.15699999966,5250292.6699999999
523391.06066387100,5250293.7162119569
523834.54800000042,5250216.6730000004
523827.04800000042,5250217.9720000001
523815.04800000042,5250218.1710000001
523807.54800000042,5250213.9720000001
523864.74799999967,5250235.6720000003
523893.84800000023,5250221.2719999999
523924.74799999967,5250210.0710000005
523947.64800000004,5250197.3710000003
523959.24899999984,5250193.5710000005
524053.58000000007,5250180.6699999999
524056.34499999974,5250179.9249999998
524059.53399999999,5250179.1809999999
524062.29800000042,5250178.6490000002
524064.74299999978,5250178.5420000004
524068.88900000043,5250179.0740000000
524083.94799999986,5250330.3710000003
524073.14699999988,5250318.1710000001
524069.04800000042,5250311.7709999997
524066.74799999967,5250305.3710000003
524065.94799999986,5250300.3710000003
524070.34800000023,5250270.3710000003
524070.34800000023,5250260.1710000001
524063.44799999986,5250245.6710000001
524055.54800000042,5250225.5710000005
524052.54800000042,5250211.8710000003
524051.74799999967,5250210.5719999997
524041.04800000042,5250211.0710000005
524014.44900000002,5250216.3710000003
523990.04800000042,5250224.0710000005
523982.94799999986,5250225.4709999999
524255.89099999983,5250015.6590000000
524256.59399999958,5250021.4419999998
524258.41399999987,5250026.3600000003
524259.64800000004,5250028.5700000003
524261.23699999973,5250030.2719999999
524266.52199999988,5250031.5640000002
524273.17800000031,5250031.7230000002
524280.66899999976,5250026.1859999998
524283.20700000040,5250023.8949999996
524285.23699999973,5250021.0970000001
524285.36099999957,5250017.4100000001
524284.40699999966,5250014.9960000003
524281.29200000037,5250011.6940000001
524274.93900000025,5250009.2850000001
524266.68200000003,5250009.4199999999
524261.85699999984,5250010.6940000001
524259.19000000041,5250012.0959999999
523983.94799999986,5250185.3710000003
523992.54800000042,5250182.8710000003
523997.24799999967,5250182.0710000005
524001.96600000001,5250180.5109999999
524009.30200000014,5250176.7869999995
524018.97599999979,5250172.6380000003
524030.56400000025,5250168.7010000004
524058.21100000013,5250163.2120000003
524063.29100000020,5250163.0870000003
524070.40299999993,5250163.4720000001
524075.35500000045,5250164.6189999999
524082.97699999996,5250168.9119999995
524085.95399999991,5250171.3600000003
524090.94900000002,5250176.1480000000
524096.04800000042,5250182.0700000003
524099.94799999986,5250186.1699999999
524102.74799999967,5250198.5700000003
524103.24799999967,5250211.2709999997
524104.54800000042,5250214.3720000004
524112.04800000042,5250222.6720000003
524117.64800000004,5250227.0710000005
524122.54700000025,5250232.4699999997
524126.44799999986,5250238.4689999996
524129.04800000042,5250244.5700000003
524130.74799999967,5250250.9709999999
524130.84700000007,5250257.8710000003
524131.24799999967,5250260.1710000001
524134.44799999986,5250266.8710000003
524139.54800000042,5250273.5710000005
524165.04800000042,5250297.6710000001
524173.24799999967,5250303.4709999999
524175.64800000004,5250304.6710000001
524181.54899999965,5250305.9699999997
524191.14800000004,5250306.5700000003
524207.74799999967,5250305.1699999999
524220.84900000039,5250302.1699999999
524227.44799999986,5250299.2699999996
524234.04800000042,5250294.9699999997
524239.04800000042,5250291.1699999999
524247.84800000023,5250282.3700000001
524259.04800000042,5250267.5700000003
524271.64800000004,5250248.9699999997
524277.54700000025,5250243.2699999996
524296.04800000042,5250229.3700000001
524301.94799999986,5250225.7699999996
524311.74799999967,5250221.2690000003
524319.14900000021,5250218.9689999996
524326.64900000021,5250218.2690000003
524345.54899999965,5250219.6689999998
524360.74799999967,5250222.5700000003
524375.54899999965,5250227.0690000001
524391.14900000021,5250234.6699999999
524393.74899999984,5250235.3689999999
524400.84999999963,5250237.1689999998
524407.84900000039,5250238.0690000001
524413.24899999984,5250237.8689999999
524415.84900000039,5250236.7690000003
524418.04899999965,5250235.9689999996
524419.84900000039,5250236.0690000001
524426.24899999984,5250241.4699999997
524430.54899999965,5250245.4689999996
524443.74899999984,5250257.6689999998
524450.34800000023,5250265.9689999996
524451.84800000023,5250269.1689999998
524455.94799999986,5250282.1689999998
524456.74899999984,5250284.7690000003
524460.74799999967,5250292.6689999998
524466.94799999986,5250301.1679999996
524475.04800000042,5250309.1689999998
524479.84800000023,5250312.2690000003
524486.34800000023,5250314.7690000003
524492.34800000023,5250315.8689999999
524497.44799999986,5250315.9689999996
524501.94799999986,5250317.4689999996
524505.54800000042,5250319.8689999999
524510.84800000023,5250325.2690000003
524513.44699999969,5250328.0690000001
524519.34800000023,5250333.1689999998
524529.79342058697,5250340.4010013295
524529.79342058697,5250106.6974182082
524527.90899999999,5250105.4199999999
524516.21800000034,5250098.1600000001
524512.21399999969,5250094.5410000002
524510.28199999966,5250092.3310000002
524506.04700000025,5250085.9670000002
524503.43599999975,5250077.5159999998
524502.47800000012,5250071.2249999996
524501.05900000036,5250044.6600000001
524499.65699999966,5250038.4320000000
524497.07600000035,5250034.2910000002
524491.70999999996,5250026.7450000001
524488.21100000013,5250019.7570000002
524485.03100000042,5250014.9299999997
524476.89599999972,5250007.0570000000
524464.31300000008,5249996.7719999999
524451.86000000034,5249989.9199999999
524423.14499999955,5249978.7489999998
524406.11699999962,5249970.1330000004
524398.74600000028,5249965.0559999999
524371.93200000003,5249949.3180000000
524362.27500000037,5249944.6239999998
524338.51499999966,5249934.7319999998
524278.80200000014,5249920.2970000003
524263.04899999965,5249918.0230000000
524235.86500000022,5249915.7620000001
524220.23799999990,5249912.3439999996
524210.83499999996,5249908.5400000000
524204.48000000045,5249903.8420000002
524199.71100000013,5249897.9989999998
524196.91199999955,5249892.6629999997
524186.28399999999,5249866.7400000002
524179.50700000022,5249857.7719999999
524172.56300000008,5249847.0870000003
524165.94000000041,5249840.0630000001
524163.33200000040,5249838.6299999999
524160.34700000007,5249837.5259999996
524156.54899999965,5249837.0980000002
524151.70899999980,5249837.2800000003
524138.50100000016,5249840.2170000002
524128.08600000013,5249840.9890000001
524115.25600000005,5249841.0010000002
524112.05099999998,5249840.6200000001
524107.05399999954,5249840.0829999996
524099.22599999979,5249839.4519999996
524093.38499999978,5249838.4309999999
524087.79700000025,5249836.6469999999
524082.46499999985,5249833.7170000002
524076.75200000033,5249828.2419999996
524072.43699999992,5249820.7309999997
524071.14338640211,5249817.2177820299
524090.55690466339,5249817.2177820299
524092.50200000033,5249820.8669999996
524098.59599999990,5249828.8890000004
524102.40400000010,5249831.9450000003
524104.81599999964,5249832.5820000004
524112.05099999998,5249833.0850000000
524125.53799999971,5249832.9819999998
524138.49399999995,5249831.8260000004
524150.68599999975,5249828.5089999996
524155.89400000032,5249828.2510000002
524165.42399999965,5249831.8010000000
524169.61799999978,5249834.3399999999
524173.68499999959,5249838.4040000001
524186.59300000034,5249855.0439999998
524198.62000000011,5249883.5719999997
524203.70700000040,5249891.5120000001
524209.55599999987,5249898.2439999999
524217.21999999974,5249903.6780000003
524223.66299999971,5249907.1289999997
524233.82799999975,5249910.9330000002
524238.14800000004,5249911.8190000001
524253.77300000004,5249914.0920000002
524278.92399999965,5249914.9579999996
524286.41999999993,5249915.9670000002
524294.20799999963,5249918.0070000002
524314.87700000033,5249921.5340000000
524334.50600000005,5249926.5999999996
524345.25399999972,5249928.9289999995
524361.50299999956,5249933.0570000000
524373.90400000010,5249937.7359999996
524404.83399999980,5249955.0080000004
524445.38200000022,5249974.9139999999
524452.54800000042,5249977.7800000003
524462.34399999958,5249981.0499999998
524476.62500000000,5249986.3360000001
524489.33100000024,5249992.2980000004
524493.52599999961,5249996.3619999997
524497.50600000005,5250001.7479999997
524499.82199999969,5250006.3980000000
524504.78600000031,5250019.1679999996
524506.50700000022,5250026.7300000004
524506.84700000007,5250038.6919999998
524507.58600000013,5250042.7470000004
524510.72099999990,5250055.2010000004
524515.05599999987,5250075.7889999999
524517.98300000001,5250082.7779999999
524527.13700000010,5250093.4460000005
524529.79342058697,5250095.7680276986
524529.79342058697,5250349.1071682349
524526.94799999986,5250347.9689999996
524516.84800000023,5250346.9689999996
524513.24799999967,5250345.2690000003
524511.84800000023,5250343.7690000003
524509.54800000042,5250338.9689999996
524508.34800000023,5250331.0690000001
524505.84800000023,5250327.1689999998
524501.34700000007,5250322.9689999996
524497.74799999967,5250321.2690000003
524489.74799999967,5250320.6689999998
524483.94699999969,5250318.8689999999
524477.94799999986,5250315.7690000003
524472.54800000042,5250311.7680000002
524466.04800000042,5250304.9680000003
524458.44799999986,5250294.7690000003
524454.04800000042,5250287.9689999996
524451.54800000042,5250284.8689999999
524446.34800000023,5250280.2690000003
524443.64800000004,5250280.0690000001
524439.74799999967,5250280.7680000002
524436.14800000004,5250280.2690000003
524434.24799999967,5250279.3689999999
524431.14800000004,5250276.4689999996
524426.24799999967,5250269.7690000003
524412.54800000042,5250257.3689999999
524402.54800000042,5250249.6689999998
524396.64800000004,5250246.6689999998
524391.94799999986,5250245.4689999996
524384.64800000004,5250245.3689999999
524377.44799999986,5250244.0690000001
524363.34800000023,5250240.7690000003
524339.24799999967,5250238.9689999996
524325.84800000023,5250239.0690000001
524314.84800000023,5250240.5700000003
524310.34800000023,5250242.6699999999
524297.84800000023,5250252.5700000003
524285.14800000004,5250263.9699999997
524276.94799999986,5250269.5700000003
524269.04800000042,5250275.9699999997
524261.74799999967,5250282.9699999997
524248.44799999986,5250298.3700000001
524235.54800000042,5250314.0700000003
524228.84800000023,5250321.6710000001
524217.94799999986,5250332.5700000003
524215.84800000023,5250334.1699999999
524213.54800000042,5250335.1699999999
524208.64800000004,5250335.7699999996
524198.84800000023,5250335.1710000001
524185.54800000042,5250334.8710000003
524178.64800000004,5250333.8710000003
524165.54800000042,5250330.5710000005
524160.64800000004,5250327.8710000003
524156.14800000004,5250324.4709999999
524144.44799999986,5250313.1710000001
524136.54800000042,5250306.9709999999
524130.44799999986,5250304.1710000001
524122.84800000023,5250302.5710000005
524118.54800000042,5250299.9709999999
524115.14800000004,5250296.3710000003
524112.74799999967,5250291.8710000003
524112.04800000042,5250289.4709999999
524109.64800000004,5250286.5710000005
524107.14800000004,5250282.2709999997
524105.04800000042,5250266.9709999999
524101.04800000042,5250260.3710000003
524095.44799999986,5250255.8710000003
524089.84800000023,5250247.9709999999
524175.50044066540,5249817.2177820299
524177.22599999979,5249819.0779999997
524187.84499999974,5249833.6869999999
524195.60599999968,5249848.4260000000
524202.60900000017,5249869.2670000000
524203.69099999964,5249871.5539999995
524207.25200000033,5249877.0170000000
524211.95600000024,5249882.1610000003
524220.67499999981,5249888.4579999996
524229.48199999984,5249894.1569999997
524237.62799999956,5249898.4720000001
524245.63300000038,5249901.6420000000
524252.36699999962,5249903.4150000000
524264.56300000008,5249904.8650000002
524300.57600000035,5249908.3650000002
524310.92999999970,5249910.0970000001
524329.34900000039,5249912.1129999999
524346.62700000033,5249915.6569999997
524372.03600000031,5249921.9879999999
524391.34900000039,5249929.1770000001
524401.38700000010,5249934.2910000002
524418.92200000025,5249941.7740000002
524442.29999999981,5249949.8859999999
524471.65299999993,5249964.6040000003
524494.77699999977,5249973.6069999998
524505.61600000039,5249978.9479999999
524513.45799999963,5249985.1569999997
524516.12799999956,5249988.5860000001
524521.48300000001,5249997.7340000002
524525.41600000020,5250007.7719999999
524526.18200000003,5250012.3470000001
524525.64800000004,5250027.4749999996
524526.20799999963,5250045.3969999999
524527.98099999968,5250054.2429999998
524529.79342058697,5250060.0789156593
524529.79342058697,5250405.4659307487
524510.94799999986,5250391.0690000001
524500.14800000004,5250381.1689999998
524491.84800000023,5250372.2699999996
524487.24799999967,5250368.1689999998
524478.14800000004,5250362.1689999998
524469.24799999967,5250353.9689999996
524460.84800000023,5250345.3689999999
524440.54800000042,5250327.5690000001
524429.44799999986,5250319.9689999996
524417.94799999986,5250312.9689999996
524412.54800000042,5250309.0690000001
524407.54800000042,5250304.6689999998
524395.34800000023,5250290.1689999998
524384.64800000004,5250282.5690000001
524381.34800000023,5250279.6689999998
524378.54800000042,5250275.7690000003
524374.84800000023,5250269.2690000003
524373.24799999967,5250267.3689999999
524368.54800000042,5250264.7690000003
524365.74799999967,5250264.5690000001
524362.24899999984,5250266.6689999998
524359.04800000042,5250269.0690000001
524354.84800000023,5250270.4689999996
524346.24799999967,5250271.6699999999
524337.54800000042,5250272.4699999997
524333.34800000023,5250273.3700000001
524326.54800000042,5250275.6699999999
524316.84700000007,5250280.2699999996
524296.84800000023,5250293.4699999997
524292.64699999988,5250297.4709999999
524289.64900000021,5250302.2699999996
524287.44799999986,5250307.4699999997
524281.54800000042,5250317.4699999997
524278.24799999967,5250322.1699999999
524269.64800000004,5250332.3700000001
524265.04800000042,5250339.3700000001
524256.44799999986,5250353.7699999996
524248.34800000023,5250364.9699999997
524242.34800000023,5250370.5700000003
524235.94699999969,5250375.7699999996
524233.04700000025,5250378.6710000001
524230.54700000025,5250381.9709999999
524227.54700000025,5250387.7709999997
524222.64699999988,5250393.3710000003
524217.64699999988,5250397.7709999997
524213.04700000025,5250399.8710000003
524207.24700000044,5250400.9709999999
524198.44699999969,5250400.2709999997
524188.44699999969,5250397.7709999997
524181.64699999988,5250394.4709999999
524175.44799999986,5250390.0710000005
524172.24700000044,5250386.9709999999
524161.44699999969,5250372.5710000005
524150.44600000046,5250360.4709999999
524149.34700000007,5250360.0710000005
524147.14699999988,5250360.7709999997
524144.24700000044,5250362.6710000001
524140.14699999988,5250363.1710000001
524135.94699999969,5250362.6710000001
524132.14699999988,5250360.5710000005
524126.84700000007,5250356.5710000005
524117.84700000007,5250352.9709999999
524112.04700000025,5250349.6699999999
524108.14800000004,5250347.3710000003
524105.14699999988,5250346.8710000003
524090.64699999988,5250337.9709999999
523725.14800000004,5250390.0719999997
523728.94799999986,5250392.5719999997
523735.64800000004,5250398.5719999997
523740.74700000044,5250401.6720000003
523747.64699999988,5250405.6710000001
523751.34700000007,5250407.6720000003
523768.64800000004,5250413.9730000002
523784.04600000009,5250419.0729999999
523806.84599999990,5250421.1730000004
523824.24600000028,5250424.7730000000
523847.64599999972,5250423.9720000001
523849.14599999972,5250424.9720000001
523874.64599999972,5250424.3720000004
523892.44600000046,5250422.7719999999
523906.94500000030,5250417.9720000001
523938.84700000007,5250401.2719999999
523947.64699999988,5250393.6720000003
523952.74700000044,5250388.3720000004
523957.84700000007,5250380.1720000003
523961.94699999969,5250376.8720000004
523964.14699999988,5250377.1720000003
523966.44699999969,5250379.4720000001
523970.54700000025,5250387.2719999999
523974.34700000007,5250391.1720000003
523984.54700000025,5250395.6720000003
523989.34700000007,5250399.2719999999
524012.74700000044,5250431.0719999997
524025.44600000046,5250444.5719999997
524035.94364080357,5250452.7895532204
524529.79342058697,5249942.6340431944
524504.71499999985,5249933.6830000002
524499.72200000007,5249931.6670000004
524492.41500000004,5249927.8720000004
524485.65400000010,5249923.2270000000
524481.57500000019,5249920.1560000004
524476.80700000003,5249915.5700000003
524465.37999999989,5249905.1189999999
524448.73199999984,5249894.1390000004
524444.80399999954,5249890.8509999998
524431.95500000007,5249881.2529999996
524426.49000000022,5249877.6990000000
524418.39400000032,5249873.0650000004
524369.94199999981,5249847.3700000001
524356.25600000005,5249841.1430000002
524340.28399999999,5249833.9879999999
524331.31500000041,5249830.6279999996
524323.98400000017,5249829.2999999998
524317.72200000007,5249828.5429999996
524301.08100000024,5249827.9230000004
524287.36500000022,5249830.0329999998
524277.58399999980,5249829.7879999997
524268.94400000013,5249827.1140000001
524253.31500000041,5249820.4040000001
524247.30694537028,5249817.2177820299
523586.57651377749,5250452.7895532204
523589.25100000016,5250451.9709999999
523595.75100000016,5250446.9709999999
523605.95100000035,5250443.3720000004
523606.65099999961,5250443.0719999997
523607.35099999979,5250442.7719999999
523620.34999999963,5250436.8720000004
523624.65000000037,5250433.3720000004
523626.95000000019,5250422.8720000004
523627.25100000016,5250399.2719999999
523626.45100000035,5250378.6720000003
523626.65099999961,5250375.6720000003
523626.65099999961,5250373.1710000001
523627.05099999998,5250366.4720000001
523627.45000000019,5250358.8720000004
523627.55099999998,5250349.9720000001
523714.84900000039,5250241.9720000001
523714.54899999965,5250241.0719999997
523702.34999999963,5250221.9730000002
523699.04999999981,5250214.3720000004
523695.44900000002,5250198.5719999997
523695.44900000002,5250188.4720000001
523601.55200000014,5250276.1710000001
523601.75200000033,5250266.3710000003
523601.05300000031,5250260.2709999997
523599.05200000014,5250252.5710000005
523595.35300000012,5250244.3710000003
523593.75299999956,5250241.0710000005
523593.75299999956,5250240.8710000003
523593.35300000012,5250238.9709999999
523592.35300000012,5250233.3710000003
523593.15299999993,5250225.9709999999
523597.75299999956,5250223.2709999997
523602.85300000012,5250223.4709999999
523607.75200000033,5250224.8710000003
523613.45199999958,5250228.0710000005
523617.85199999996,5250233.2719999999
523618.85199999996,5250238.8710000003
523620.95199999958,5250243.7709999997
523623.25200000033,5250252.8710000003
523624.25200000033,5250258.6710000001
523626.05200000014,5250265.8710000003
523630.15099999961,5250274.9709999999
523634.05099999998,5250279.9709999999
523638.55099999998,5250284.0719999997
523645.05099999998,5250290.0719999997
523649.75100000016,5250294.2719999999
523654.05099999998,5250300.2719999999
523660.34999999963,5250308.1730000004
523666.25000000000,5250313.0719999997
523670.15000000037,5250317.0719999997
523676.04999999981,5250324.8720000004
523680.15000000037,5250334.8720000004
523684.64900000021,5250342.4720000001
523689.34800000023,5250347.1720000003
523693.54899999965,5250352.7730000000
523700.54899999965,5250361.9720000001
523705.14900000021,5250368.6720000003
523710.04899999965,5250375.4730000002
523717.64800000004,5250383.5719999997
523723.44799999986,5250388.9720000001
523957.04800000042,5250183.8710000003
523922.94900000002,5250195.0710000005
523908.74799999967,5250201.3720000004
523897.14800000004,5250204.6720000003
523853.44799999986,5250213.3720000004
524092.94799999986,5250282.9709999999
524088.54899999965,5250295.2719999999
524087.84800000023,5250299.5710000005
524088.84800000023,5250304.6710000001
524091.34800000023,5250308.4709999999
524092.84800000023,5250309.9709999999
524505.80200000014,5250173.6119999997
524506.31400000025,5250178.2510000002
524507.77400000021,5250182.0680000000
524512.74799999967,5250186.4680000003
524520.94900000002,5250195.0680000000
524529.79342058697,5250207.2973222928
524529.79342058697,5250166.4475311972
524521.60800000001,5250165.1440000003
524512.84399999958,5250164.6440000003
524509.41399999987,5250166.1090000002
524506.62399999984,5250169.7350000003
524225.36531399598,5249817.2177820299
524229.94299999997,5249821.0609999998
524236.93300000019,5249825.5039999997
524275.30900000036,5249844.1550000003
524292.58999999985,5249851.5120000001
524323.33800000045,5249862.4150000000
524341.38100000005,5249869.5170000000
524364.25100000016,5249877.1229999997
524384.70799999963,5249886.5099999998
524400.09399999958,5249890.7529999996
524421.93400000036,5249896.2620000001
524450.20299999975,5249906.7230000002
524465.76900000032,5249914.9069999997
524495.30399999954,5249934.4680000003
524514.88700000010,5249946.5760000004
524524.99100000039,5249954.6380000003
524529.79342058697,5249957.6704935366
524493.99155222334,5250452.7895532204
524492.84800000023,5250452.1689999998
524466.64800000004,5250436.1699999999
524458.34800000023,5250430.2699999996
524449.74799999967,5250423.4699999997
524441.54800000042,5250416.2699999996
524432.94799999986,5250407.3700000001
524427.34800000023,5250402.5710000005
524415.64800000004,5250393.6699999999
524398.24799999967,5250379.3700000001
524391.74799999967,5250375.3700000001
524384.64800000004,5250372.8700000001
524377.14800000004,5250372.0700000003
524373.54700000025,5250372.8700000001
524370.34800000023,5250374.8700000001
524361.44799999986,5250378.9699999997
524354.04800000042,5250381.4699999997
524338.94799999986,5250385.7699999996
524323.34800000023,5250389.2699999996
524315.64800000004,5250391.3700000001
524303.74799999967,5250396.2699999996
524295.34700000007,5250401.2699999996
524291.94699999969,5250404.8700000001
524288.14699999988,5250412.6699999999
524286.74700000044,5250419.3700000001
524286.74700000044,5250426.2699999996
524289.24700000044,5250443.2699999996
524291.70710925944,5250452.7895532204
524095.81279692810,5250452.7895532204
524093.44699999969,5250449.8710000003
524085.04700000025,5250441.9709999999
524075.44699999969,5250437.3710000003
524069.34700000007,5250433.3710000003
524062.94699999969,5250426.9709999999
524048.74700000044,5250406.1710000001
524037.54700000025,5250379.9709999999
524031.44699999969,5250369.9709999999
524009.64699999988,5250340.9709999999
523995.44600000046,5250317.6710000001
523995.04700000025,5250316.7709999997
523661.69000000041,5250177.6909999996
523660.47099999990,5250166.0899999999
523660.47200000007,5250160.9989999998
523658.82400000002,5250156.0350000001
523656.53899999987,5250153.7429999998
523652.34900000039,5250151.8320000004
523642.69799999986,5250149.7920000004
523634.69799999986,5250149.1519999998
523613.49000000022,5250150.7970000003
523602.82299999986,5250150.7920000004
523595.45700000040,5250149.7709999997
523588.09200000018,5250147.4770000000
523575.77699999977,5250141.9989999998
523561.68300000019,5250134.8650000002
523554.82699999958,5250130.5350000001
523550.51200000010,5250126.8420000002
523540.35599999968,5250114.8750000000
523538.19699999969,5250112.9649999999
523536.80099999998,5250112.8370000003
523534.89499999955,5250113.9809999997
523533.75100000016,5250118.4349999996
523530.69099999964,5250154.5779999997
523530.27500000037,5250165.0470000003
523530.92200000025,5250171.2759999996
523533.35500000045,5250182.0710000005
523726.44900000002,5250233.1720000003
523724.44900000002,5250225.5719999997
523723.94900000002,5250213.3720000004
523720.84999999963,5250194.0719999997
523834.64800000004,5250201.2719999999
523835.54800000042,5250200.6720000003
523837.94799999986,5250194.7719999999
523838.94799999986,5250193.2719999999
523840.44799999986,5250192.7719999999
523859.54800000042,5250192.1720000003
523795.14699999988,5250228.4720000001
523810.54800000042,5250239.0719999997
523820.44799999986,5250242.3710000003
523845.34800000023,5250241.8720000004
523861.54800000042,5250237.2719999999
523973.64800000004,5250227.1710000001
523391.06066387100,5249846.9267755412
523391.35699999984,5249846.6449999996
523396.18400000036,5249842.5760000004
523406.34599999990,5249836.7249999996
523417.77900000010,5249828.8389999997
523421.20799999963,5249827.0590000004
523429.46399999969,5249824.6440000003
523472.89800000004,5249817.2819999997
523473.19140284340,5249817.2177820299
523391.06066387100,5250104.9859033702
523396.35500000045,5250092.9189999998
523400.67599999998,5250081.7209999999
523402.45600000024,5250073.5769999996
523407.54899999965,5250037.9430000000
523408.18699999992,5250028.0170000000
523407.68800000008,5249999.1260000002
523408.07500000019,5249983.4709999999
523408.83999999985,5249972.7810000004
523412.65699999966,5249952.9280000003
523415.20000000019,5249943.7659999998
523416.59800000023,5249940.0740000000
523419.64800000004,5249934.3490000004
523423.71300000045,5249928.7510000002
523432.47900000028,5249919.7180000003
523437.81400000025,5249915.0120000001
523442.51300000027,5249912.5959999999
523446.70500000007,5249911.7070000004
523454.07000000030,5249911.3279999997
523462.19799999986,5249911.7139999997
523486.07199999969,5249914.7790000001
523504.61099999957,5249918.3509999998
523521.37299999967,5249923.9579999996
523533.30900000036,5249927.0180000002
523549.81699999981,5249930.0800000001
523563.91299999971,5249930.7230000002
523582.32600000035,5249930.2230000002
523613.56699999981,5249931.3810000001
523619.40799999982,5249931.8940000003
523630.07500000019,5249934.4440000001
523634.64599999972,5249936.3550000004
523640.74000000022,5249940.9400000004
523647.46800000034,5249947.6880000001
523660.41500000004,5249965.7670000000
523667.52400000021,5249973.5340000000
523674.25299999956,5249979.9000000004
523687.70999999996,5249989.8329999996
523710.30700000003,5250010.4610000001
523729.22200000007,5250029.5599999996
523733.15799999982,5250033.1260000002
523741.79000000004,5250038.7300000004
523749.28000000026,5250045.8609999996
523764.76800000016,5250062.7949999999
523778.72900000028,5250081.8909999998
523789.13800000027,5250094.3679999998
523809.83100000024,5250115.7589999996
523821.25600000005,5250126.8360000001
523829.12799999956,5250132.9490000000
523839.03000000026,5250139.0619999999
523842.96499999985,5250141.0999999996
523848.17200000025,5250143.0109999999
523858.58499999996,5250145.5609999998
523865.69600000046,5250146.5820000004
523880.93499999959,5250146.8439999996
523898.20500000007,5250148.1229999997
523914.20700000040,5250148.1299999999
523925.38300000038,5250146.8619999997
523939.60800000001,5250144.0690000001
523950.53000000026,5250141.0190000003
523967.54899999965,5250135.1720000003
523995.23799999990,5250123.7309999997
524003.11199999973,5250120.9340000004
524024.70299999975,5250116.6169999996
524033.71999999974,5250114.2019999996
524037.15000000037,5250111.9129999997
524039.56300000008,5250109.4960000003
524040.58000000007,5250107.8420000002
524041.08899999969,5250104.7860000003
524040.58299999963,5250099.9500000002
524040.58399999980,5250098.1689999998
524043.12500000000,5250094.3520000000
524047.06199999992,5250093.2079999996
524055.44400000013,5250092.1940000001
524081.09700000007,5250091.1859999998
524097.86099999957,5250089.4129999997
524105.22599999979,5250089.4160000002
524109.57799999975,5250089.7769999998
524112.04899999965,5250090.4199999999
524115.84700000007,5250091.3039999995
524123.21700000018,5250094.7280000001
524131.73199999984,5250100.1859999998
524146.98699999973,5250114.6629999997
524153.97800000012,5250119.9950000001
524157.30900000036,5250123.7549999999
524161.16399999987,5250129.0140000004
524165.04399999976,5250137.5269999998
524168.17200000025,5250141.5920000002
524176.66500000004,5250150.0750000002
524181.95199999958,5250153.7819999997
524185.12799999956,5250154.2869999995
524187.79600000009,5250154.2840000000
524197.57400000002,5250151.3509999998
524201.89199999999,5250151.4740000004
524207.22900000028,5250153.1210000003
524222.73199999984,5250160.8609999996
524227.05200000014,5250162.1279999996
524232.00600000005,5250162.1229999997
524236.74199999962,5250160.6310000001
524240.63999999966,5250158.7460000003
524244.20700000040,5250155.9979999997
524252.10199999996,5250148.9579999996
524258.79200000037,5250144.6809999999
524262.60199999996,5250142.8969999999
524276.84999999963,5250137.6080000000
524302.34900000039,5250131.1639999999
524311.87399999984,5250129.6289999997
524323.03799999971,5250128.5760000004
524331.52300000004,5250128.6440000003
524341.76200000010,5250129.3210000005
524354.55399999954,5250130.7319999998
524361.01999999955,5250132.4660000000
524366.49600000028,5250134.5350000001
524376.15500000026,5250140.7529999996
524403.21800000034,5250151.4050000003
524417.82799999975,5250155.1399999997
524418.84700000007,5250156.6009999998
524419.35900000017,5250162.5750000002
524419.67700000014,5250163.3370000003
524420.88399999961,5250164.2259999998
524432.95199999958,5250165.9939999999
524440.44799999986,5250168.4019999998
524458.75600000005,5250182.0690000001
524469.64800000004,5250191.1679999996
524477.74899999984,5250199.2680000002
524485.44900000002,5250207.7680000002
524494.54899999965,5250219.4689999996
524508.04899999965,5250232.6679999996
524516.44900000002,5250243.3689999999
524523.84900000039,5250251.3689999999
524529.79342058697,5250257.3134205872
524529.79342058697,5250144.2657328947
524523.24000000022,5250142.3890000004
524504.24600000028,5250135.4419999998
524494.26999999955,5250128.8159999996
524486.51699999999,5250122.3410000000
524476.09200000018,5250111.4189999998
524471.89599999972,5250105.5760000004
524470.95399999991,5250103.0340000000
524469.85699999984,5250097.5690000001
524469.84599999990,5250084.6040000003
524468.05300000031,5250066.5549999997
524465.50299999956,5250054.9270000001
524461.36799999978,5250045.8420000002
524453.73799999990,5250033.9000000004
524448.72900000028,5250028.1979999999
524442.62700000033,5250021.9869999997
524437.27599999961,5250017.3909999998
524421.51800000016,5250008.3169999998
524376.26900000032,5249987.0170000000
524333.46300000045,5249971.2189999996
524322.37200000044,5249968.5729999999
524311.49600000028,5249964.4780000001
524301.12799999956,5249961.3980000000
524263.96700000018,5249951.8370000003
524249.10300000012,5249949.4610000001
524238.17700000014,5249946.9029999999
524225.34800000023,5249945.8980000000
524201.34100000001,5249947.1930000000
524151.93499999959,5249955.6299999999
524147.51499999966,5249955.5449999999
524141.26400000043,5249954.2429999998
524129.57400000002,5249949.6770000001
524121.31599999964,5249948.0319999997
524113.44000000041,5249948.1670000004
524112.04899999965,5249948.3669999996
524102.23099999968,5249949.9270000001
524093.34100000001,5249951.7039999999
524075.56099999975,5249958.3150000004
524068.19299999997,5249960.6020000000
524060.31900000013,5249961.8710000003
524053.71499999985,5249961.8679999998
524048.00100000016,5249960.4660000000
524044.82699999958,5249958.6840000004
524042.92300000042,5249956.7730000000
524041.01999999955,5249951.9359999998
524040.64099999983,5249946.3350000000
524041.91700000037,5249929.6629999997
524041.03000000026,5249923.4270000001
524038.11299999990,5249914.6440000003
524019.83899999969,5249879.3810000001
524010.95500000007,5249864.6140000001
524004.35500000045,5249855.4479999999
523991.91500000004,5249840.6780000003
523970.20600000024,5249820.0489999996
523968.08882146107,5249817.2177820299
523391.06066387100,5249970.6132634031
523391.82500000019,5249967.1730000004
523392.58999999985,5249958.7740000002
523392.46700000018,5249947.0650000004
523393.10500000045,5249936.8830000004
523395.90400000010,5249920.5930000003
523398.06599999964,5249912.3210000005
523399.59100000001,5249909.6500000004
523402.00499999989,5249907.2319999998
523405.94299999997,5249904.9430000000
523411.14900000021,5249903.0369999995
523427.15299999993,5249899.9879999999
523455.85199999996,5249899.7470000004
523480.74399999995,5249897.4680000003
523489.88800000027,5249897.4720000001
523495.47499999963,5249899.0010000002
523499.03000000026,5249900.6590000000
523509.18699999992,5249908.8080000002
523513.62999999989,5249911.6100000003
523520.10699999984,5249913.5219999999
523531.79000000004,5249914.5449999999
523544.86899999995,5249914.9330000002
523556.67999999970,5249914.5559999999
523570.39599999972,5249913.2889999999
523602.65299999993,5249908.7230000002
523616.87799999956,5249905.6749999998
523625.25899999961,5249904.7879999997
523630.84700000007,5249905.4270000001
523635.92599999998,5249907.5920000002
523653.19500000030,5249918.0369999995
523659.28699999955,5249922.3669999996
523662.96899999958,5249925.6770000001
523669.57000000030,5249933.4440000001
523674.39300000016,5249940.3190000001
523681.50000000000,5249952.2850000001
523688.35500000045,5249961.4519999996
523696.35199999996,5249970.6189999999
523715.14199999999,5249986.5360000003
523734.30999999959,5250005.5080000004
523776.70899999980,5250049.6909999996
523792.32400000002,5250064.5889999997
523797.78399999999,5250070.1909999996
523812.50700000022,5250089.7970000003
523819.10800000001,5250097.6909999996
523825.83600000013,5250104.4390000002
523836.24700000044,5250112.5889999997
523843.35699999984,5250117.1739999996
523855.41899999976,5250123.5420000004
523860.11699999962,5250125.1990000000
523862.53000000026,5250125.3269999996
523863.79999999981,5250124.3099999996
523865.19900000002,5250118.3289999999
523865.58000000007,5250117.1830000002
523867.35900000017,5250115.9100000001
523870.28000000026,5250116.0389999999
523877.13599999994,5250118.5870000003
523883.48500000034,5250120.1179999998
523900.75600000005,5250121.9069999997
523908.62899999972,5250121.9110000003
523924.12299999967,5250120.1359999999
523939.10900000017,5250117.0880000005
523958.16000000015,5250111.7510000002
523971.11600000039,5250107.4289999995
523982.79999999981,5250102.3439999996
523996.64499999955,5250095.6050000004
524015.95199999958,5250085.1770000001
524017.47599999979,5250084.9230000004
524030.55900000036,5250077.2920000004
524039.32299999986,5250072.7139999997
524063.70899999980,5250063.5619999999
524073.87200000044,5250058.2220000001
524078.57000000030,5250057.0779999997
524083.14199999999,5250056.6979999999
524096.34900000039,5250057.3399999999
524112.04899999965,5250060.9479999999
524116.82500000019,5250061.2130000005
524134.74799999967,5250061.2850000001
524141.09999999963,5250062.6760000000
524143.51499999966,5250063.5640000002
524149.99600000028,5250067.6260000002
524157.02699999977,5250075.1320000002
524163.34800000023,5250083.1220000004
524172.11899999995,5250092.1390000004
524189.15099999961,5250105.0250000004
524202.58399999980,5250112.9819999998
524206.38399999961,5250114.9349999996
524213.67700000014,5250117.3949999996
524222.82299999986,5250118.4029999999
524238.57400000002,5250117.8779999996
524251.33700000029,5250114.8909999998
524269.13999999966,5250108.7599999998
524282.13200000022,5250106.5230000000
524299.91399999987,5250104.9800000004
524319.43599999975,5250104.6179999998
524339.28799999971,5250102.6540000001
524351.22699999996,5250102.2609999999
524358.46899999958,5250103.9069999997
524404.71899999958,5250123.1840000004
524407.51300000027,5250122.9900000002
524408.65600000042,5250122.2900000000
524411.70000000019,5250116.5669999998
524413.09599999990,5250115.1030000001
524414.74700000044,5250115.1650000000
524434.82500000019,5250126.0769999996
524439.90899999999,5250130.7750000004
524443.97599999979,5250133.3140000002
524449.69299999997,5250135.2149999999
524454.00999999978,5250135.2110000001
524457.75700000022,5250133.6179999998
524459.02500000037,5250130.5659999996
524459.21399999969,5250128.8499999996
524457.66399999987,5250098.3439999996
524456.76999999955,5250092.1160000004
524454.54100000020,5250084.6179999998
524450.15099999961,5250075.3430000003
524447.92300000042,5250068.2270000000
524445.63200000022,5250062.7630000003
524440.47900000028,5250051.9759999998
524434.81799999997,5250041.4819999998
524431.06599999964,5250036.2740000002
524424.07500000019,5250028.9709999999
524412.00200000033,5250021.7369999997
524381.88700000010,5250006.5120000001
524359.01499999966,5249996.4910000004
524339.77900000010,5249989.3399999999
524324.45600000024,5249984.5750000002
524284.43699999992,5249975.7160000000
524253.94799999986,5249970.9150000000
524237.30800000019,5249970.5489999996
524222.57199999969,5249969.0379999997
524213.01999999955,5249969.2759999996
524207.78799999971,5249969.8530000001
524199.20199999958,5249971.4749999996
524191.96399999969,5249974.2790000001
524181.42599999998,5249980.9630000005
524174.69699999969,5249984.2110000001
524156.72699999996,5249989.5159999998
524143.96499999985,5249993.6469999999
524137.10599999968,5249994.7980000004
524131.77099999972,5249994.6760000000
524126.56199999992,5249992.7750000004
524122.23900000006,5249988.9009999996
524120.46100000013,5249988.3310000002
524113.09300000034,5249988.0839999998
524112.04899999965,5249988.3049999997
524108.60900000017,5249988.6579999998
524103.86699999962,5249990.2719999999
524094.72300000023,5249995.1040000003
524089.76900000032,5249996.7570000002
524081.89499999955,5249997.0080000004
524058.27599999961,5249991.9060000004
524041.76800000016,5249989.6080000000
524035.03799999971,5249987.6960000005
524029.57799999975,5249984.3849999998
524025.89699999988,5249981.3279999997
524022.08899999969,5249976.6179999998
524019.29600000009,5249971.9069999997
524015.61699999962,5249963.3789999997
524009.52799999993,5249944.2850000001
524005.08700000029,5249933.9730000002
523995.18900000025,5249914.7520000003
523989.85800000001,5249906.3499999996
523965.99399999995,5249878.0839999998
523952.28600000031,5249859.2419999996
523925.88300000038,5249826.6480000000
523921.56699999981,5249820.7929999996
523919.57287449704,5249817.2177820299
523527.35400000028,5250289.6710000001
523525.15400000010,5250297.5710000005
523507.85400000028,5250321.1710000001
523502.75399999972,5250327.0710000005
523491.85500000045,5250336.1710000001
523478.95500000007,5250343.8710000003
523442.55599999987,5250354.2709999997
523432.65699999966,5250357.5700000003
523426.55599999987,5250361.1699999999
523414.65600000042,5250364.9699999997
523401.45700000040,5250366.9699999997
523391.06066387100,5250367.3732365323
523543.85400000028,5250284.1710000001
523543.65400000010,5250285.5710000005
523537.35400000028,5250309.7709999997
523525.15400000010,5250328.7709999997
523510.65400000010,5250343.8710000003
523491.85400000028,5250359.5710000005
523482.95500000007,5250364.6710000001
523455.85500000045,5250368.9709999999
523428.35599999968,5250377.1699999999
523391.85599999968,5250381.1699999999
523391.06066387100,5250381.1699999999
523501.15500000026,5250194.5710000005
523501.95500000007,5250202.1710000001
523502.75499999989,5250204.9709999999
523507.05499999970,5250210.2709999997
523526.85400000028,5250225.5710000005
523532.75399999972,5250233.6710000001
523539.05399999954,5250248.9709999999
523543.65400000010,5250269.2709999997
523544.45500000007,5250278.1710000001
523565.85300000012,5250267.9709999999
523565.45299999975,5250261.6710000001
523558.35400000028,5250233.6710000001
523555.55399999954,5250225.7709999997
523550.95399999991,5250217.9709999999
523538.75399999972,5250203.1710000001
523534.45399999991,5250192.4709999999
523601.55200000014,5250282.7709999997
523602.05200000014,5250293.3710000003
523602.85199999996,5250303.5719999997
523603.75200000033,5250314.5710000005
523604.45199999958,5250325.1710000001
523604.65199999977,5250333.4709999999
523605.25200000033,5250346.8710000003
523606.35099999979,5250356.5710000005
523607.85099999979,5250363.9720000001
523608.65099999961,5250369.1720000003
523609.45100000035,5250376.5719999997
523609.45100000035,5250381.5719999997
523609.25100000016,5250383.6720000003
523739.44900000002,5250182.0719999997
523737.39199999999,5250175.2450000001
523729.81400000025,5250149.8310000002
523727.53000000026,5250142.9579999996
523724.35800000001,5250136.3380000005
523717.25000000000,5250125.8990000002
523710.14099999983,5250117.2419999996
523697.44699999969,5250104.2539999997
523685.51499999966,5250089.9939999999
523679.29499999993,5250084.5190000003
523657.58299999963,5250073.0549999997
523641.07699999958,5250066.1749999998
523626.98300000001,5250058.5319999997
523603.87600000016,5250044.2680000002
523597.14699999988,5250040.7010000004
523586.60699999984,5250036.7510000002
523575.94199999981,5250034.4560000002
523568.06799999997,5250033.6890000002
523552.95600000024,5250033.2999999998
523507.36500000022,5250033.9150000000
523503.80900000036,5250034.6770000001
523501.39599999972,5250035.5669999998
523497.83999999985,5250038.3650000002
523493.77400000021,5250044.4730000002
523483.98400000017,5250078.4490000000
523480.42200000025,5250097.7929999996
523480.04100000020,5250098.9380000001
523475.72200000007,5250100.9730000002
523474.19699999969,5250103.0080000004
523474.44699999969,5250115.0990000004
523474.06300000008,5250124.2620000001
523472.53500000015,5250132.9160000002
523469.10400000028,5250143.4780000001
523458.68400000036,5250163.8360000001
523458.05599999987,5250169.6160000004
523458.05599999987,5250177.7850000001
523742.44900000002,5250191.7719999999
523752.14900000021,5250208.7719999999
523762.74799999967,5250224.0719999997
523769.64800000004,5250232.1720000003
523776.74799999967,5250238.1720000003
523872.24799999967,5250191.7719999999
523777.74700000044,5250239.0719999997
523800.14699999988,5250253.7719999999
523809.74700000044,5250258.3720000004
523818.94699999969,5250260.6720000003
523844.34700000007,5250262.4720000001
523850.34700000007,5250261.6720000003
523913.34700000007,5250284.7719999999
523891.04700000025,5250301.5719999997
523881.14699999988,5250307.6720000003
523876.54700000025,5250309.2719999999
523872.24799999967,5250312.7719999999
523864.64599999972,5250316.0719999997
523855.44699999969,5250318.1720000003
523797.04700000025,5250319.3720000004
523781.84700000007,5250317.0719999997
523771.44699999969,5250313.7719999999
523749.34800000023,5250302.0719999997
523733.54899999965,5250290.6720000003
523721.14900000021,5250274.3720000004
523718.34900000039,5250267.2719999999
523717.04899999965,5250257.0719999997
523717.54899999965,5250250.7719999999
524085.14800000004,5250256.0710000005
524087.84800000023,5250258.6710000001
524091.84800000023,5250264.9709999999
524093.64800000004,5250270.2709999997
524094.14800000004,5250275.3710000003
524093.14800000004,5250282.5710000005
523922.94900000002,5250182.0710000005
523947.46800000034,5250174.1080000000
523966.39499999955,5250164.5710000005
523978.46100000013,5250159.6129999999
523987.35199999996,5250156.5619999999
524000.81500000041,5250153.0049999999
524028.50200000033,5250144.3640000001
524038.91700000037,5250141.5680000000
524047.55300000031,5250140.2989999996
524063.29899999965,5250140.3049999997
524083.61799999978,5250141.5860000001
524092.38399999961,5250142.2439999999
524097.10300000012,5250143.0880000005
524104.01499999966,5250144.4369999999
524108.90299999993,5250145.3650000002
524112.04899999965,5250146.2800000003
524114.28500000015,5250147.4330000002
524122.63300000038,5250152.5740000000
524129.69799999986,5250158.1440000003
524135.47599999979,5250164.1430000002
524137.83100000024,5250169.9270000001
524138.47300000023,5250176.1390000004
524137.64699999988,5250182.0700000003
524136.64800000004,5250187.2699999996
524137.04800000042,5250192.5700000003
524138.74799999967,5250197.5700000003
524141.54800000042,5250201.7699999996
524144.94799999986,5250204.5700000003
524153.34800000023,5250206.6699999999
524158.24799999967,5250209.1699999999
524163.74799999967,5250213.4699999997
524168.44799999986,5250219.2699999996
524173.34800000023,5250224.7699999996
524179.54800000042,5250228.5700000003
524181.24799999967,5250230.8700000001
524181.44799999986,5250234.1699999999
524182.04800000042,5250237.9699999997
524183.74799999967,5250242.0700000003
524187.14800000004,5250245.7699999996
524196.24799999967,5250251.9699999997
524200.04800000042,5250253.2699999996
524205.94799999986,5250252.8710000003
524215.54700000025,5250250.2699999996
524220.24799999967,5250247.7699999996
524225.64800000004,5250242.8700000001
524226.74799999967,5250240.0700000003
524226.34800000023,5250236.9689999996
524226.44799999986,5250233.9709999999
524227.34800000023,5250232.5700000003
524229.94799999986,5250231.0700000003
524234.94799999986,5250230.6699999999
524239.44799999986,5250230.1689999998
524242.54800000042,5250227.6699999999
524245.44799999986,5250223.4699999997
524246.14800000004,5250221.4699999997
524246.24799999967,5250219.2699999996
524245.44799999986,5250210.3700000001
524245.94799999986,5250208.2709999997
524248.64800000004,5250203.5700000003
524270.74899999984,5250194.8700000001
524275.44900000002,5250192.2699999996
524281.39400000032,5250187.7029999997
524287.59399999958,5250182.0690000001
524292.86199999973,5250178.4610000001
524295.27500000037,5250178.1020000000
524320.93400000036,5250178.6869999999
524329.20600000024,5250182.0690000001
524336.69900000002,5250183.2769999998
524343.24899999984,5250184.5690000001
524345.54899999965,5250185.8689999999
524351.84900000039,5250190.6689999998
524358.24899999984,5250192.3689999999
524364.84900000039,5250193.4689999996
524381.04899999965,5250199.5690000001
524393.74899999984,5250201.1689999998
524397.84900000039,5250202.1699999999
524405.44900000002,5250205.6689999998
524425.14900000021,5250211.6689999998
524435.84900000039,5250215.9689999996
524440.94900000002,5250218.6689999998
524445.84900000039,5250221.7690000003
524453.74799999967,5250228.4689999996
524464.14900000021,5250240.0690000001
524476.84900000039,5250259.1689999998
524490.44900000002,5250275.9689999996
524505.24799999967,5250291.6689999998
524515.64800000004,5250301.5690000001
524522.94799999986,5250307.2690000003
524529.79342058697,5250312.0743945846
524529.79342058697,5250125.8850868018
524522.33499999996,5250123.4500000002
524512.29700000025,5250119.2649999997
524506.32500000019,5250115.6859999998
524499.58999999985,5250111.1420000000
524492.72499999963,5250103.9919999996
524491.70700000040,5250102.1239999998
524490.58800000045,5250098.4009999996
524489.15799999982,5250090.8140000002
524488.63200000022,5250069.4589999998
524487.09800000023,5250057.7659999998
524485.95100000035,5250053.3820000002
524481.43300000019,5250042.2120000003
524478.88999999966,5250038.1979999999
524460.77199999988,5250015.0800000001
524453.01699999999,5250007.2070000004
524442.21499999985,5249999.7170000002
524402.12100000028,5249975.7939999998
524375.67800000031,5249963.0559999999
524357.32899999991,5249954.7980000004
524341.82899999991,5249949.8559999997
524293.29700000025,5249938.0789999999
524267.75000000000,5249933.7439999999
524249.33999999985,5249928.7149999999
524221.26300000027,5249923.4029999999
524198.67300000042,5249916.6869999999
524186.83100000024,5249912.7570000002
524177.68200000003,5249908.8250000002
524165.60800000001,5249901.2089999998
524154.99500000011,5249892.9689999996
524142.85800000001,5249885.7220000001
524136.12299999967,5249883.0590000004
524133.45500000007,5249882.5530000003
524123.16600000020,5249882.3080000002
524112.11600000039,5249883.8439999996
524112.04899999965,5249883.8660000004
524108.44699999969,5249884.8150000004
524100.85800000001,5249887.9440000001
524094.88800000027,5249891.2500000000
524088.28199999966,5249896.3380000005
524085.36099999957,5249898.1200000001
524082.56699999981,5249898.6270000003
524079.77300000004,5249898.1169999996
524076.09100000001,5249895.5700000003
524072.91700000037,5249892.1320000002
524069.87200000044,5249886.9139999999
524065.68599999975,5249874.0549999997
524062.13599999994,5249860.5640000002
524058.96399999969,5249851.7810000004
524054.90299999993,5249844.2699999996
524045.76499999966,5249830.5199999996
524035.99299396068,5249817.2177820299
523391.06066387100,5250346.3022153936
523402.95700000040,5250345.5700000003
523418.25600000005,5250343.5690000001
523453.75600000005,5250334.3710000003
523463.65500000026,5250330.5710000005
523487.25499999989,5250317.8710000003
523497.45500000007,5250310.2709999997
523508.35400000028,5250299.2709999997
523513.45500000007,5250292.1710000001
523514.95299999975,5250289.3710000003
523575.35300000012,5250266.9709999999
523574.15299999993,5250257.5710000005
523569.75299999956,5250242.0710000005
523563.45399999991,5250222.1710000001
523555.05499999970,5250207.5710000005
523391.06066387100,5250433.3426590003
523406.05599999987,5250433.0700000003
523415.15600000042,5250431.5700000003
523429.45600000024,5250425.9709999999
523460.85500000045,5250417.8710000003
523495.95399999991,5250410.6710000001
523515.75299999956,5250408.1710000001
523520.55300000031,5250406.8710000003
523530.45299999975,5250400.7709999997
523546.75299999956,5250388.5710000005
523555.85300000012,5250380.6699999999
523561.15199999977,5250374.0710000005
523567.75200000033,5250363.1710000001
523569.05200000014,5250357.7709999997
523569.55300000031,5250339.9709999999
523574.65199999977,5250323.2709999997
523576.15400000010,5250312.0710000005
523576.15400000010,5250273.8710000003
523391.06066387100,5250445.7699999996
523410.65600000042,5250445.7699999996
523438.05499999970,5250444.2709999997
523477.65400000010,5250437.6710000001
523496.45399999991,5250433.5710000005
523519.85300000012,5250426.9709999999
523543.95299999975,5250417.5710000005
523573.35199999996,5250401.2709999997
523580.45199999958,5250393.9709999999
523584.05200000014,5250387.5710000005
523584.25200000033,5250384.9709999999
523584.35199999996,5250380.9709999999
523584.45199999958,5250375.8710000003
523584.95199999958,5250368.2709999997
523587.25200000033,5250360.8710000003
523589.85199999996,5250351.7709999997
523590.45100000035,5250343.3710000003
523591.25200000033,5250333.8710000003
523591.45199999958,5250317.7709999997
523589.35199999996,5250306.3710000003
523589.05200000014,5250295.0710000005
523589.25200000033,5250279.8710000003
523627.65099999961,5250345.4720000001
523625.15099999961,5250333.2719999999
523622.35099999979,5250324.7709999997
523621.55099999998,5250313.4709999999
523624.15099999961,5250307.4709999999
523628.75100000016,5250305.3720000004
523633.15099999961,5250307.7719999999
523637.45100000035,5250315.0719999997
523643.15099999961,5250326.9720000001
523654.04999999981,5250344.9720000001
523661.75000000000,5250354.5719999997
523670.84999999963,5250364.5719999997
523674.04999999981,5250369.4720000001
523683.25100000016,5250182.0719999997
523682.73900000006,5250175.2450000001
523680.71899999958,5250161.9450000003
523677.31799999997,5250153.8580000000
523674.31900000013,5250149.6770000001
523672.66799999960,5250147.6409999998
523666.57400000002,5250143.8210000005
523662.89300000016,5250140.7649999997
523657.43499999959,5250134.7810000004
523653.87999999989,5250131.5970000001
523651.72099999990,5250130.3240000000
523649.05499999970,5250129.6849999996
523644.73699999973,5250129.6840000004
523621.62399999984,5250133.2369999997
523613.49600000028,5250133.8700000001
523602.82899999991,5250133.2290000003
523586.57500000019,5250130.6770000001
523576.67100000009,5250128.3810000001
523568.54399999976,5250125.5779999997
523562.06799999997,5250122.6480000000
523554.83200000040,5250118.8260000004
523538.58000000007,5250108.3839999996
523531.97800000012,5250102.5259999996
523530.32799999975,5250101.2520000003
523526.77199999988,5250102.0140000004
523525.24700000044,5250103.5410000002
523524.35699999984,5250105.7050000001
523522.82899999991,5250119.1940000001
523518.75600000005,5250145.4100000001
523517.23000000045,5250151.7719999999
523512.65400000010,5250165.5149999997
523511.92100000009,5250172.8930000002
523512.72900000028,5250179.6869999999
523709.94900000002,5250278.4720000001
523707.44900000002,5250273.6720000003
523703.65000000037,5250257.5719999997
523698.75000000000,5250246.1730000004
523686.54999999981,5250227.5719999997
523680.25100000016,5250210.7719999999
523679.75100000016,5250191.4720000001
523756.14900000021,5250182.0719999997
523767.34800000023,5250198.0719999997
523772.94799999986,5250210.7719999999
523780.24799999967,5250218.1710000001
523804.14800000004,5250212.0719999997
523791.44799999986,5250201.6720000003
523781.04800000042,5250189.9720000001
523737.41199999955,5249856.0920000002
523738.42599999998,5249861.8200000003
523741.97900000028,5249868.0580000002
523766.60500000045,5249898.6140000001
523774.72900000028,5249907.4009999996
523784.25000000000,5249916.3130000001
523800.24700000044,5249928.5389999999
523802.78600000031,5249930.7029999997
523805.95899999980,5249934.7769999998
523811.54399999976,5249944.7070000004
523817.88999999966,5249954.3830000004
523826.77599999961,5249965.0769999996
523831.47300000023,5249970.1699999999
523838.58200000040,5249976.6639999999
523844.80300000031,5249980.9939999999
523850.00899999961,5249982.9060000004
523855.46999999974,5249984.0539999995
523860.42300000042,5249983.6739999996
523863.85199999996,5249982.2750000004
523865.37600000016,5249980.7489999998
523866.77400000021,5249977.5680000000
523867.15699999966,5249974.0039999997
523865.25600000005,5249962.0400000000
523865.25899999961,5249956.6950000003
523866.78500000015,5249949.5690000001
523867.16700000037,5249946.5140000004
523866.53299999982,5249942.4409999996
523864.37600000016,5249936.2029999997
523861.83800000045,5249931.4929999998
523858.53799999971,5249927.0369999995
523853.33200000040,5249923.4709999999
523850.41199999955,5249921.9430000000
523830.47599999979,5249915.6979999999
523826.03199999966,5249914.0410000002
523822.09599999990,5249911.4939999999
523819.42999999970,5249908.8200000003
523816.38399999961,5249903.3459999999
523812.95999999996,5249891.5080000004
523811.56500000041,5249887.3070000000
523808.26499999966,5249881.8329999996
523805.09200000018,5249878.0140000004
523801.02900000010,5249874.8300000001
523797.60099999979,5249873.0470000003
523792.90199999977,5249871.8990000002
523777.15500000026,5249871.6370000001
523775.25000000000,5249871.2549999999
523773.09200000018,5249869.9809999997
523762.30200000014,5249856.6129999999
523756.58999999985,5249850.8830000004
523753.03500000015,5249848.3360000001
523751.13100000005,5249847.3169999998
523747.70199999958,5249846.4239999996
523744.90799999982,5249846.4230000004
523741.98699999973,5249847.3119999999
523738.93800000008,5249850.1109999996
523737.79399999976,5249853.2929999996
523707.56900000013,5249854.5520000001
523708.96499999985,5249859.0070000002
523715.05599999987,5249868.3010000000
523737.39599999972,5249899.3650000002
523751.10500000045,5249916.1710000001
523771.79800000042,5249937.1799999997
523792.23699999973,5249955.0080000004
523797.82199999969,5249961.5010000002
523805.43800000008,5249973.4680000003
523809.50000000000,5249978.5599999996
523828.03399999999,5249998.0420000004
523832.47699999996,5250002.1160000004
523847.71300000045,5250012.0499999998
523856.72699999996,5250016.6359999999
523866.50399999972,5250020.3310000002
523873.74199999962,5250021.9879999999
523879.20299999975,5250021.8619999997
523883.90199999977,5250020.7199999997
523887.07799999975,5250018.9400000004
523889.11000000034,5250017.2860000003
523892.54200000037,5250012.5789999999
523894.44900000002,5250006.3430000003
523895.08600000013,5249998.9620000003
523893.94799999986,5249985.7249999996
523892.68099999987,5249977.5789999999
523888.87700000033,5249961.2869999995
523885.83200000040,5249951.1040000003
523881.39300000016,5249939.5199999996
523877.58499999996,5249932.2640000004
523870.98500000034,5249922.8430000003
523863.87600000016,5249914.4400000004
523855.37200000044,5249905.6540000001
523850.03899999987,5249901.3240000000
523842.54700000025,5249896.9939999999
523831.88200000022,5249892.9160000002
523827.18400000036,5249890.3689999999
523819.44000000041,5249883.1109999996
523815.63200000022,5249877.2549999999
523807.50899999961,5249861.4689999996
523800.14900000021,5249850.0109999999
523794.30999999959,5249842.6270000003
523787.58100000024,5249835.8779999996
523781.48699999973,5249830.7850000001
523773.86899999995,5249825.9450000003
523769.42599999998,5249823.6519999998
523763.71200000029,5249821.7400000002
523758.37799999956,5249820.7189999996
523749.74299999978,5249820.7160000000
523744.15500000026,5249821.7309999997
523740.08999999985,5249823.0020000003
523736.91500000004,5249824.4009999996
523719.00499999989,5249836.1020000000
523714.43200000003,5249839.6639999999
523710.49399999995,5249843.6069999998
523708.46100000013,5249846.7879999997
523707.57100000046,5249849.9699999997
523900.14800000004,5250190.9730000002
523675.19000000041,5249844.1009999998
523675.82299999986,5249850.2100000000
523677.08999999985,5249855.5559999999
523680.76900000032,5249865.3580000000
523685.84599999990,5249874.9060000004
523695.99899999984,5249891.9649999999
523700.82199999969,5249899.0939999996
523714.53199999966,5249915.3909999998
523746.65000000037,5249946.0779999997
523764.29499999993,5249964.2860000003
523785.62100000028,5249989.7510000002
523805.17100000009,5250008.7230000002
523818.62600000016,5250023.3650000002
523826.37000000011,5250031.1310000001
523837.79700000025,5250041.0630000001
523843.12799999956,5250044.8839999996
523854.42899999954,5250050.7429999998
523869.03100000042,5250057.4950000001
523878.17300000042,5250061.3169999998
523888.83899999969,5250064.3760000002
523901.79200000037,5250066.4179999996
523908.26800000016,5250066.8030000003
523915.50700000022,5250066.4239999996
523920.84100000001,5250065.6629999997
523927.19099999964,5250063.8839999996
523930.87500000000,5250062.4859999996
523936.84499999974,5250059.1789999995
523942.17999999970,5250054.9819999998
523945.86400000006,5250050.4009999996
523948.66000000015,5250045.6940000001
523950.05900000036,5250040.4759999998
523950.69600000046,5250034.4950000001
523950.06400000025,5250026.9859999996
523947.52900000010,5250016.0389999999
523939.41100000031,5249989.8180000000
523935.22400000039,5249978.4890000001
523927.61000000034,5249963.8499999996
523919.23300000001,5249949.5910000000
523913.39400000032,5249941.4440000001
523887.75200000033,5249911.9050000003
523878.61299999990,5249900.7010000004
523852.72200000007,5249861.9979999997
523836.98000000045,5249841.6279999996
523820.67766766774,5249817.2177820299
523696.55185033230,5249817.2177820299
523685.73699999973,5249824.6330000004
523680.02099999972,5249830.1030000001
523676.97099999990,5249834.8109999998
523675.57199999969,5249839.7740000002
523964.94799999986,5250228.8710000003
523953.44799999986,5250236.9709999999
523945.34800000023,5250244.6710000001
523918.94799999986,5250262.4720000001
523907.24799999967,5250272.5719999997
524119.20899999980,5250182.0700000003
524118.87399999984,5250180.8360000001
524117.89900000021,5250179.1059999997
524114.35400000028,5250175.7790000001
524112.04899999965,5250173.5959999999
524108.91299999971,5250169.3410000000
524099.12200000044,5250160.1169999996
524093.37899999972,5250156.1639999999
524088.01200000010,5250153.3399999999
524084.24899999984,5250151.6409999998
524078.78899999987,5250149.9840000002
524073.45600000024,5250149.5999999996
524064.56599999964,5250150.2330000000
524042.21399999969,5250153.2779999999
524027.98900000006,5250156.0710000005
524011.98699999973,5250160.1370000001
523999.54000000004,5250163.9490000000
523977.03600000031,5250175.5630000001
523962.54800000042,5250182.0710000005
524193.90799999982,5250021.1840000004
524193.91600000020,5250030.9720000001
524197.23400000017,5250049.7829999998
524195.97099999990,5250058.5549999997
524196.54999999981,5250066.9440000001
524200.39199999999,5250073.6260000002
524204.11699999962,5250078.1239999998
524206.44299999997,5250079.4430000000
524216.31500000041,5250082.6880000001
524225.71600000001,5250084.0769999996
524240.33700000029,5250084.6100000003
524264.45700000040,5250084.4210000001
524267.63300000038,5250084.0369999995
524273.34800000023,5250082.3789999997
524274.74299999978,5250080.4709999999
524275.49799999967,5250071.6990000000
524277.65600000042,5250070.1720000003
524282.30399999954,5250069.2520000003
524312.58299999963,5250065.3070000000
524333.54000000004,5250064.1430000002
524351.19400000013,5250061.8380000005
524385.10800000001,5250062.0590000004
524389.03100000042,5250059.7290000003
524391.70799999963,5250056.5860000001
524393.63300000038,5250049.2500000000
524393.85699999984,5250044.0000000000
524393.60099999979,5250042.2199999997
524392.07400000002,5250038.1540000001
524388.25999999978,5250033.7089999998
524368.08100000024,5250022.7960000001
524357.07600000035,5250016.4249999998
524347.21600000001,5250012.9009999996
524303.00499999989,5250002.3930000002
524271.24500000011,5249997.2120000003
524231.86500000022,5249992.7999999998
524222.08399999980,5249992.6820000000
524214.08200000040,5249994.0880000005
524207.09900000039,5249998.0360000003
524201.40099999961,5250003.8380000005
524198.55900000036,5250007.6160000004
524195.42599999998,5250013.1739999996
524153.38900000043,5250023.8930000002
524156.12899999972,5250034.6960000005
524159.43699999992,5250041.0870000003
524167.17999999970,5250049.4950000001
524171.01900000032,5250053.0250000004
524176.41000000015,5250058.8289999999
524183.90000000037,5250069.1310000001
524191.66899999976,5250077.2470000004
524200.88300000038,5250083.6699999999
524215.62500000000,5250092.5420000004
524221.69900000002,5250094.8990000002
524230.93400000036,5250096.5300000003
524247.70199999958,5250097.7850000001
524259.89599999972,5250097.2649999997
524273.35800000001,5250094.5820000004
524294.43800000008,5250088.5870000003
524311.45700000040,5250085.7740000002
524329.48000000045,5250085.3380000005
524341.86600000039,5250086.6480000000
524352.23199999984,5250088.4050000003
524354.20100000035,5250088.3899999997
524358.83600000013,5250087.0000000000
524361.88100000005,5250082.8020000001
524363.53100000042,5250082.1650000000
524369.50200000033,5250082.7949999999
524374.83800000045,5250084.3150000004
524386.90899999999,5250090.2769999998
524392.37299999967,5250092.0510000000
524394.53199999966,5250092.3030000003
524414.47400000039,5250092.2840000000
524434.66700000037,5250088.9600000000
524436.95199999958,5250088.3219999997
524439.61899999995,5250086.9199999999
524442.41000000015,5250083.3590000002
524444.05599999987,5250077.5099999998
524444.17999999970,5250073.1880000001
524442.81599999964,5250067.4440000001
524436.48099999968,5250055.7810000004
524433.74700000044,5250051.6519999998
524426.18099999987,5250041.9850000003
524421.89699999988,5250037.1469999999
524418.23599999957,5250033.8070000000
524410.86600000039,5250029.1109999996
524399.53199999966,5250024.5199999996
524389.90099999961,5250020.2330000000
524376.29399999976,5250016.5719999997
524371.22400000039,5250014.9119999995
524354.83200000040,5250006.6650000000
524347.39900000021,5250003.8750000000
524306.55399999954,5249993.8729999997
524279.69500000030,5249986.0939999996
524260.77900000010,5249982.6919999998
524245.82799999975,5249982.1090000002
524215.85099999979,5249982.7730000000
524205.63999999966,5249983.9649999999
524199.84900000039,5249985.4579999996
524196.16600000020,5249986.9869999997
524188.29499999993,5249992.4600000000
524177.63499999978,5250003.7840000000
524165.89199999999,5250011.7400000002
524155.92399999965,5250016.0099999998
524153.89300000016,5250017.9179999996
524153.45000000019,5250019.1260000002
524103.84800000023,5250320.9720000001
524112.04800000042,5250325.8710000003
524116.04800000042,5250327.8710000003
524125.14800000004,5250330.3710000003
524133.54800000042,5250330.4709999999
524135.54800000042,5250331.0710000005
524137.44799999986,5250332.3710000003
524143.44799999986,5250339.2709999997
524152.44699999969,5250346.1710000001
524162.44699999969,5250351.7709999997
524172.84700000007,5250356.1710000001
524183.14699999988,5250359.6710000001
524188.14699999988,5250360.8710000003
524196.74700000044,5250361.5710000005
524210.44799999986,5250361.3710000003
524217.54800000042,5250359.7709999997
524225.04800000042,5250356.6699999999
524232.84800000023,5250351.9699999997
524239.94799999986,5250346.0700000003
524247.44799999986,5250337.4699999997
524250.84800000023,5250332.8700000001
524256.14800000004,5250324.4699999997
524260.84800000023,5250315.7699999996
524268.34800000023,5250304.2690000003
524272.94799999986,5250298.1699999999
524275.74799999967,5250295.4699999997
524283.04800000042,5250290.3700000001
524287.24799999967,5250286.5700000003
524298.04800000042,5250273.4699999997
524304.94799999986,5250267.1699999999
524315.14800000004,5250260.5700000003
524322.94799999986,5250257.3689999999
524330.24799999967,5250255.7699999996
524337.64800000004,5250255.2690000003
524345.24799999967,5250255.8689999999
524351.64900000021,5250255.0680000000
524358.24799999967,5250252.4689999996
524364.84800000023,5250251.8689999999
524374.64800000004,5250250.9689999996
524381.24799999967,5250250.8689999999
524385.44799999986,5250252.2690000003
524388.64800000004,5250255.4689999996
524393.54800000042,5250263.1689999998
524397.84800000023,5250267.4689999996
524406.84900000039,5250272.8689999999
524408.74799999967,5250274.6689999998
524411.64800000004,5250279.1689999998
524414.84800000023,5250286.5690000001
524423.54800000042,5250299.7690000003
524430.84800000023,5250308.5690000001
524432.14800000004,5250309.7690000003
524435.14800000004,5250310.5690000001
524440.04800000042,5250310.5690000001
524443.34800000023,5250312.1689999998
524450.24799999967,5250318.0690000001
524459.04800000042,5250328.4689999996
524467.44799999986,5250339.1689999998
524475.94799999986,5250347.3689999999
524486.54800000042,5250355.5690000001
524491.34800000023,5250358.2690000003
524495.04800000042,5250358.5690000001
524498.64800000004,5250357.5690000001
524501.14800000004,5250354.9689999996
524502.24799999967,5250354.4689999996
524506.34800000023,5250354.8679999998
524511.04800000042,5250356.8689999999
524516.94799999986,5250361.6679999996
524523.14800000004,5250368.1689999998
524528.14800000004,5250374.3689999999
524529.79342058697,5250375.6944776950
524529.79342058697,5250081.2883360079
524528.82799999975,5250080.2379999999
524524.93800000008,5250075.3600000003
524523.05499999970,5250072.2220000001
524522.09999999963,5250069.1090000002
524518.28299999982,5250044.7829999998
524508.84200000018,5250008.6780000003
524506.67800000031,5250003.9759999998
524501.91000000015,5249997.2439999999
524500.12999999989,5249995.2740000002
524491.10500000045,5249987.4660000000
524445.48400000017,5249960.4349999996
524434.30200000014,5249954.5980000002
524382.33499999996,5249934.6900000004
524371.66299999971,5249931.7759999996
524337.86699999962,5249920.6220000004
524320.58899999969,5249916.5710000005
524292.76800000016,5249912.5290000001
524276.25399999972,5249911.7819999997
524248.05300000031,5249909.3940000003
524235.09499999974,5249906.8640000001
524225.75600000005,5249903.6310000001
524217.96600000001,5249898.8459999999
524209.80399999954,5249891.3159999996
524204.90899999999,5249884.9639999997
524198.48199999984,5249872.1950000003
524190.97300000023,5249852.7520000003
524184.81500000041,5249840.0700000003
524180.47599999979,5249832.1050000004
524176.34399999958,5249827.7240000004
524168.71899999958,5249823.2810000004
524159.82500000019,5249821.0010000002
524154.11000000034,5249821.3880000003
524142.04600000009,5249826.3569999998
524136.33000000007,5249826.7429999998
524133.40799999982,5249826.1100000003
524114.34900000039,5249820.2810000004
524112.05099999998,5249818.7259999998
524110.54399999976,5249817.4110000003
524110.31473250786,5249817.2177820299
524183.05006570643,5249817.2177820299
524199.72400000039,5249835.7100000000
524205.66000000015,5249840.8650000002
524217.45600000024,5249850.1200000001
524251.72900000028,5249885.0719999997
524256.92800000031,5249889.6809999999
524261.50399999972,5249892.7280000001
524266.96800000034,5249895.2649999997
524285.94900000002,5249901.3619999997
524302.66999999993,5249905.7819999997
524313.46800000034,5249907.4249999998
524337.22200000007,5249908.8010000000
524351.45000000019,5249910.8210000005
524366.40299999993,5249915.1040000003
524408.62000000011,5249924.6229999997
524427.23199999984,5249929.9699999997
524436.82500000019,5249933.2390000001
524450.16600000020,5249940.2180000003
524471.00499999989,5249948.9689999996
524490.82799999975,5249959.5010000002
524517.89300000016,5249972.8210000005
524527.80800000019,5249982.2199999997
524529.79342058697,5249985.2894196538
524529.79342058697,5250418.2053447701
524526.84800000023,5250416.5690000001
524513.14800000004,5250407.6689999998
524501.44799999986,5250398.7690000003
524495.34800000023,5250394.6689999998
524486.24899999984,5250390.0690000001
524478.14800000004,5250383.9689999996
524474.64800000004,5250380.3689999999
524469.04800000042,5250371.9689999996
524463.14800000004,5250363.8689999999
524452.84800000023,5250354.1689999998
524441.24799999967,5250345.3689999999
524428.84800000023,5250337.6689999998
524409.84700000007,5250329.0690000001
524403.54800000042,5250324.8689999999
524397.64800000004,5250320.0690000001
524385.64699999988,5250310.7690000003
524372.94799999986,5250303.1699999999
524369.14800000004,5250299.4699999997
524365.14800000004,5250297.6699999999
524362.54800000042,5250297.4709999999
524358.54800000042,5250300.0700000003
524354.64699999988,5250300.9699999997
524347.34800000023,5250300.8700000001
524337.64800000004,5250299.0700000003
524334.34800000023,5250299.0700000003
524329.04800000042,5250300.0700000003
524323.64699999988,5250302.7709999997
524311.94799999986,5250311.7699999996
524302.04800000042,5250320.9699999997
524296.94799999986,5250326.6699999999
524287.74799999967,5250338.8700000001
524275.44799999986,5250357.2699999996
524260.54800000042,5250382.1710000001
524246.34700000007,5250404.0710000005
524237.14699999988,5250415.7709999997
524234.14699999988,5250420.5710000005
524233.54700000025,5250426.1710000001
524232.04700000025,5250432.9709999999
524229.94699999969,5250437.2709999997
524225.64699999988,5250442.1710000001
524221.94699999969,5250444.4709999999
524217.74600000028,5250445.7709999997
524213.24799999967,5250445.8710000003
524211.04700000025,5250445.1710000001
524204.74700000044,5250441.9709999999
524200.34700000007,5250440.6710000001
524190.74700000044,5250441.9709999999
524183.14699999988,5250440.8710000003
524178.74700000044,5250438.7709999997
524171.64800000004,5250432.2709999997
524164.04700000025,5250423.9709999999
524157.44699999969,5250413.7709999997
524154.54700000025,5250410.6710000001
524148.04700000025,5250405.3710000003
524137.84700000007,5250399.2709999997
524134.84700000007,5250396.3710000003
524126.64699999988,5250386.7709999997
524121.64699999988,5250382.4709999999
524116.94699999969,5250379.3710000003
524112.04700000025,5250376.6710000001
524104.84700000007,5250372.2709999997
524078.44699999969,5250350.4720000001
524038.04700000025,5250349.6699999999
524045.14699999988,5250358.2709999997
524059.94699999969,5250374.0710000005
524068.54700000025,5250385.2709999997
524108.14800000004,5250424.9709999999
524112.04700000025,5250430.7709999997
524114.04700000025,5250434.5710000005
524116.84700000007,5250446.5710000005
524119.69717022619,5250452.7895532204
524280.34365924879,5250452.7895532204
524280.34700000007,5250452.7699999996
524280.14699999988,5250446.1699999999
524279.24700000044,5250442.9699999997
524276.24700000044,5250437.6699999999
524270.44699999969,5250431.7699999996
524269.14699999988,5250428.7699999996
524269.44699999969,5250424.4689999996
524271.34700000007,5250416.2699999996
524279.74600000028,5250397.1699999999
524282.74799999967,5250392.4699999997
524284.64800000004,5250390.3700000001
524292.14800000004,5250384.7699999996
524300.64800000004,5250379.9699999997
524304.84800000023,5250378.3710000003
524322.84800000023,5250374.6699999999
524327.04800000042,5250372.7699999996
524333.84800000023,5250368.3700000001
524340.24799999967,5250362.6699999999
524343.14800000004,5250357.9709999999
524345.74799999967,5250353.1699999999
524349.64800000004,5250349.4699999997
524352.04800000042,5250348.8689999999
524367.74799999967,5250349.9699999997
524384.14699999988,5250353.1699999999
524401.64800000004,5250360.5700000003
524412.24799999967,5250365.3700000001
524422.24799999967,5250371.2699999996
524431.44799999986,5250378.6699999999
524439.24799999967,5250385.9699999997
524454.24799999967,5250401.2699999996
524473.04800000042,5250418.9699999997
524482.74799999967,5250427.4699999997
524499.84900000039,5250440.3689999999
524511.94900000002,5250447.9689999996
524516.94799999986,5250450.6689999998
524522.61499567586,5250452.7895532204
524529.79342058697,5249965.0371477613
524517.11899999995,5249957.3140000002
524451.21999999974,5249923.6150000002
524430.58399999980,5249912.7790000001
524425.75499999989,5249910.6229999997
524411.95799999963,5249907.0130000003
524370.13700000010,5249898.7529999996
524342.54200000037,5249891.5070000002
524316.75299999956,5249886.1930000000
524301.88700000010,5249881.5029999996
524296.42300000042,5249878.5340000000
524288.89900000021,5249873.8499999996
524270.24000000022,5249858.6509999996
524249.14400000032,5249844.9419999998
524236.43300000019,5249835.3569999998
524221.05099999998,5249822.2139999997
524215.87832067494,5249817.2177820299
523675.84900000039,5250372.1720000003
523676.94900000002,5250373.6720000003
523677.54899999965,5250374.2719999999
523683.14900000021,5250379.4720000001
523689.14900000021,5250386.7709999997
523691.74899999984,5250390.6720000003
523693.44900000002,5250392.9720000001
523701.74899999984,5250403.3720000004
523708.74799999967,5250410.2719999999
523720.04800000042,5250420.2719999999
523727.24799999967,5250425.3729999997
523731.04800000042,5250426.2719999999
523736.04700000025,5250427.6720000003
523748.14699999988,5250431.9720000001
523772.84599999990,5250438.1730000004
523792.64599999972,5250444.4730000002
523834.44600000046,5250452.7719999999
523834.61568113201,5250452.7895532204
523918.14085204381,5250452.7895532204
523938.94600000046,5250446.9720000001
523954.54600000009,5250436.3720000004
523964.74600000028,5250427.7719999999
523969.74600000028,5250427.4720000001
523973.64599999972,5250428.2719999999
523983.04600000009,5250434.3720000004
523999.04600000009,5250448.5719999997
524002.45593664632,5250452.7895532204
524529.79342058697,5249935.7205459727
524528.40500000026,5249935.6950000003
524510.95199999958,5249934.0710000005
524505.07000000030,5249932.3990000002
524503.03600000031,5249931.3590000002
524496.27599999961,5249927.5769999996
524487.74899999984,5249921.5599999996
524478.21600000001,5249913.5599999996
524451.90099999961,5249886.1919999998
524435.88599999994,5249873.2410000004
524419.49100000039,5249861.8150000004
524410.20100000035,5249856.2309999997
524399.41199999955,5249850.2659999998
524373.32500000019,5249838.0369999995
524363.83399999980,5249833.9649999999
524354.30399999954,5249830.4790000003
524330.61000000034,5249823.8279999997
524320.25600000005,5249821.2309999997
524309.45799999963,5249819.8430000003
524298.40699999966,5249819.9809999997
524282.40500000026,5249822.7920000004
524274.40199999977,5249822.6720000003
524265.00100000016,5249820.5839999998
524258.01200000010,5249817.2850000001
524257.90431743040,5249817.2177820299
523673.04899999965,5250400.3720000004
523679.64900000021,5250413.4720000001
523687.24899999984,5250420.3720000004
523695.24799999967,5250427.5719999997
523703.94799999986,5250436.5719999997
523707.54800000042,5250440.6720000003
523716.34800000023,5250448.6720000003
523721.46494220907,5250452.7895532204
524529.79342058697,5249925.9717295151
524521.28399999999,5249925.4689999996
524511.24799999967,5249923.3810000001
524496.55999999959,5249917.1279999996
524492.44199999981,5249914.2460000003
524479.90500000026,5249898.4699999997
524475.15099999961,5249893.2879999997
524469.93900000025,5249889.0980000002
524456.71800000034,5249874.4289999995
524451.50700000022,5249869.4119999995
524443.75200000033,5249862.9369999999
524421.76800000016,5249850.0549999997
524397.90400000010,5249838.5480000004
524387.58499999996,5249833.1169999996
524377.29299999960,5249828.9950000001
524363.86400000006,5249823.0449999999
524347.24095785490,5249817.2177820299
524498.41977110866,5249817.2177820299
524510.40099999961,5249821.1150000002
524529.79342058697,5249825.3521963647
524529.79342058697,5249884.6051359819
524528.49000000022,5249884.4660000000
524500.92200000025,5249878.2630000003
524497.58100000024,5249877.7840000000
524495.65099999961,5249878.0149999997
524494.82600000035,5249878.3329999996
524494.82699999958,5249879.4770000000
524495.53899999987,5249881.2949999999
524497.24299999978,5249883.2249999996
524503.59499999974,5249885.2539999997
524508.10699999984,5249888.1210000003
524511.47499999963,5249890.7120000003
524519.48400000017,5249899.7290000003
524523.80499999970,5249902.3949999996
524529.79342058697,5249904.0533217825
523391.06066387100,5250410.8525951030
523397.95700000040,5250410.6699999999
523409.55599999987,5250409.6699999999
523430.45600000024,5250405.6710000001
523451.75499999989,5250402.5710000005
523473.55499999970,5250401.0710000005
523482.75399999972,5250398.9709999999
523499.45399999991,5250393.3710000003
523514.75399999972,5250385.5710000005
523524.85300000012,5250377.8710000003
523538.35400000028,5250364.9709999999
523548.75299999956,5250350.1710000001
523559.15299999993,5250330.0710000005
523561.95299999975,5250319.6710000001
523565.45299999975,5250299.8710000003
523566.75299999956,5250281.7709999997
523391.06066387100,5250316.0700000003
523392.25700000022,5250316.0700000003
523436.45700000040,5250305.9699999997
523447.35599999968,5250301.5700000003
523457.35599999968,5250295.4709999999
523476.05499999970,5250280.4709999999
523481.95500000007,5250272.8710000003
523483.65500000026,5250268.2709999997
523482.95500000007,5250254.2709999997
523476.85599999968,5250243.8710000003
523463.65699999966,5250229.1699999999
523459.05599999987,5250222.2699999996
523454.45600000024,5250219.1699999999
523443.55700000003,5250215.1699999999
523438.75800000038,5250210.5700000003
523436.15699999966,5250205.9689999996
523435.65699999966,5250202.3700000001
523437.75700000022,5250190.9699999997
523436.25700000022,5250182.0700000003
523435.58800000045,5250178.3509999998
523435.18800000008,5250170.3159999996
523437.47499999963,5250163.1909999996
523447.64199999999,5250142.0680000000
523459.84399999958,5250112.8020000001
523461.87799999956,5250106.4390000002
523463.91399999987,5250092.4400000004
523464.93599999975,5250074.1140000001
523467.22900000028,5250053.4970000004
523472.82500000019,5250029.3169999998
523474.60699999984,5250018.6279999996
523475.37200000044,5250008.1919999998
523476.51599999983,5250005.0109999999
523478.04100000020,5250002.9749999996
523480.45399999991,5250001.8310000002
523485.28000000026,5250001.5779999997
523492.89900000021,5250003.6189999999
523504.83499999996,5250007.9510000004
523525.15199999977,5250012.5410000002
523541.15299999993,5250015.0949999997
523581.53500000015,5250017.6579999998
523596.77300000004,5250019.9560000002
523600.45600000024,5250021.1030000001
523604.89900000021,5250023.3959999997
523617.08800000045,5250031.8010000000
523623.94299999997,5250035.8770000003
523641.33899999969,5250043.5209999997
523654.41500000004,5250052.1809999999
523665.46200000029,5250056.5130000003
523675.74700000044,5250062.3720000004
523681.33299999963,5250066.4469999997
523695.93200000003,5250080.9630000005
523702.02500000037,5250087.9649999999
523712.43300000019,5250103.7520000003
523731.21800000034,5250128.1960000005
523735.02699999977,5250134.6890000002
523739.21200000029,5250146.5259999996
523746.64099999983,5250167.7970000003
523750.04299999960,5250174.5000000000
523752.48799999990,5250178.1179999998
523894.04800000042,5250260.3720000004
523913.84700000007,5250248.4720000001
523934.94799999986,5250238.5710000005
523947.64800000004,5250228.8710000003
523951.14800000004,5250226.8710000003
523954.24799999967,5250225.7709999997
523958.84800000023,5250223.3710000003
523966.34800000023,5250219.4709999999
523988.84700000007,5250302.5710000005
523984.24700000044,5250297.0710000005
523980.64699999988,5250297.0710000005
523970.74700000044,5250302.0719999997
523977.54800000042,5250213.5700000003
523991.84800000023,5250207.4709999999
523993.84800000023,5250206.9709999999
523996.34800000023,5250205.9709999999
524006.54800000042,5250202.3710000003
524023.04800000042,5250196.5710000005
524030.64800000004,5250195.7709999997
524046.44799999986,5250196.5710000005
524058.04800000042,5250201.3710000003
524061.34800000023,5250201.3710000003
524063.44799999986,5250203.4709999999
524066.24799999967,5250226.0710000005
524066.94799999986,5250229.3710000003
524073.54800000042,5250241.8710000003
524081.44799999986,5250252.4709999999
523391.06066387100,5250156.7469274327
523391.12600000016,5250156.6789999995
523395.19199999981,5250151.7170000002
523402.56199999992,5250136.0669999998
523412.09300000034,5250118.6349999998
523418.06500000041,5250106.8010000000
523426.07299999986,5250085.2960000001
523429.88700000010,5250073.5889999997
523434.20999999996,5250057.0460000001
523435.48300000001,5250049.1560000004
523436.75899999961,5250030.5750000002
523438.54100000020,5250019.1210000003
523446.68200000003,5249978.1430000002
523449.48000000045,5249967.1990000000
523451.89499999955,5249960.4550000001
523454.69099999964,5249954.9830000000
523457.48599999957,5249951.1660000002
523459.64499999955,5249949.0039999997
523463.32899999991,5249946.7149999999
523469.04499999993,5249945.0619999999
523475.39400000032,5249945.0650000004
523491.13999999966,5249947.6179999998
523512.72900000028,5249948.3909999998
523546.50800000038,5249951.2060000002
523555.90500000026,5249952.4830000000
523566.06300000008,5249954.7790000001
523604.15699999966,5249965.4869999997
523609.10900000017,5249967.1440000003
523616.60099999979,5249971.2209999999
523645.03899999987,5249994.1409999998
523681.09499999974,5250020.3750000000
523688.45899999980,5250024.9600000000
523699.12399999984,5250033.1100000003
523739.87299999967,5250072.5829999996
523749.77500000037,5250084.1679999996
523764.49799999967,5250106.0659999996
523769.82899999991,5250113.4510000004
523781.25299999956,5250127.7089999998
523801.30900000036,5250151.1359999999
523806.25999999978,5250156.1009999998
523814.13100000005,5250161.9589999998
523822.63800000027,5250166.5449999999
523828.60599999968,5250168.7110000001
523836.98699999973,5250170.4960000003
523856.54299999960,5250173.0499999998
523872.41700000037,5250173.9479999999
523895.65699999966,5250173.0680000000
523913.18200000003,5250171.2929999996
523924.35800000001,5250169.2609999999
523944.67899999954,5250163.1619999995
523975.66999999993,5250152.2300000004
523985.57699999958,5250149.4340000004
524012.50299999956,5250139.0099999998
524036.63499999978,5250130.8760000002
524046.03299999982,5250128.3350000000
524052.63700000010,5250127.3190000001
524061.90799999982,5250126.9409999996
524084.13100000005,5250128.6050000004
524091.75000000000,5250128.4809999997
524098.78899999987,5250129.7599999998
524105.59100000001,5250131.5420000004
524112.04899999965,5250134.6579999998
524118.78000000026,5250136.7220000001
524130.12500000000,5250144.0049999999
524139.32899999991,5250151.9320000000
524148.74799999967,5250161.7860000003
524152.38700000010,5250169.4979999997
524153.24299999978,5250175.0680000000
524153.67100000009,5250179.3520000000
524154.84900000039,5250182.0700000003
524158.54800000042,5250186.1699999999
524166.74799999967,5250193.2699999996
524171.94799999986,5250197.0700000003
524175.94799999986,5250198.5700000003
524180.94799999986,5250198.5700000003
524188.34900000039,5250196.2699999996
524190.94799999986,5250196.3700000001
524195.74799999967,5250198.0700000003
524204.84800000023,5250202.6699999999
524217.04700000025,5250206.2699999996
524225.44799999986,5250207.5700000003
524233.34800000023,5250206.9699999997
524241.64800000004,5250204.7699999996
524246.24799999967,5250202.6699999999
524251.24899999984,5250198.4699999997
524253.34900000039,5250196.0700000003
524258.94900000002,5250186.3700000001
524260.91100000031,5250182.0700000003
524265.80499999970,5250176.3269999996
524270.62999999989,5250173.5250000004
524284.24199999962,5250169.0369999995
524305.67999999970,5250163.3219999997
524319.52199999988,5250161.4009999996
524343.27400000021,5250160.7419999996
524361.94900000002,5250165.2369999997
524363.27099999972,5250166.0240000002
524364.93699999992,5250167.9670000002
524366.46600000001,5250173.9400000004
524367.61099999957,5250175.9720000001
524376.18400000036,5250175.8370000003
524379.10599999968,5250176.3430000003
524383.80700000003,5250178.1179999998
524387.91399999987,5250182.0690000001
524391.68099999987,5250185.8310000002
524397.74899999984,5250190.3689999999
524403.64900000021,5250192.7690000003
524422.14900000021,5250195.2690000003
524430.14900000021,5250196.9689999996
524446.24899999984,5250201.7690000003
524451.44900000002,5250204.4689999996
524456.44900000002,5250209.2690000003
524460.14900000021,5250214.3689999999
524461.54899999965,5250217.1689999998
524463.54899999965,5250226.3689999999
524466.24899999984,5250230.6689999998
524471.44900000002,5250236.2690000003
524484.14900000021,5250246.8689999999
524491.04899999965,5250255.2690000003
524504.54899999965,5250267.7690000003
524527.84800000023,5250292.6689999998
524529.79342058697,5250294.4980279021
524529.79342058697,5250135.4628973408
524525.13800000027,5250133.8710000003
524496.92999999970,5250120.2970000003
524489.81400000025,5250116.1090000002
524485.49199999962,5250110.7110000001
524484.53500000015,5250107.1519999998
524483.95999999996,5250103.0219999999
524484.62000000011,5250086.9160000002
524484.34999999963,5250082.7970000003
524484.48699999973,5250078.9199999999
524483.93400000036,5250071.4970000004
524481.32100000046,5250060.2500000000
524479.18200000003,5250054.3540000003
524473.55800000019,5250042.3980000000
524470.03600000031,5250037.5070000002
524464.72200000007,5250030.9660000000
524458.45500000007,5250024.6420000000
524453.28199999966,5250020.2989999996
524430.78899999987,5250006.7189999996
524414.00299999956,5249998.1930000000
524398.12999999989,5249988.7000000002
524381.86500000022,5249980.4529999997
524362.65000000037,5249968.3190000001
524345.01200000010,5249959.0049999999
524333.70399999991,5249955.3289999999
524291.90600000042,5249945.8350000000
524263.70399999991,5249941.2869999995
524219.11099999957,5249932.0489999996
524186.46100000013,5249926.2319999998
524152.91799999960,5249916.3490000004
524135.76699999999,5249912.5510000000
524128.62700000033,5249911.6550000003
524115.06099999975,5249911.4270000001
524112.04899999965,5249911.9160000002
524109.70299999975,5249912.3059999999
524104.19299999997,5249913.6440000003
524097.95399999991,5249915.8329999996
524086.62200000044,5249921.2840000000
524081.03399999999,5249922.8080000002
524077.98599999957,5249922.2980000004
524074.55800000019,5249919.8779999996
524072.65400000010,5249917.3320000004
524071.25800000038,5249914.0219999999
524069.99299999978,5249901.5489999996
524068.47200000007,5249894.6760000000
524066.06099999975,5249887.9289999995
524060.98400000017,5249878.6359999999
524052.10199999996,5249864.6320000002
524044.99299999978,5249854.9560000002
524033.44199999981,5249841.9689999996
524014.39900000021,5249824.2699999996
524008.68599999975,5249818.5400000000
524007.76326875255,5249817.2177820299
